source,source_row,query,page,impressions,clicks,ctr,position
clarity,3,,https://chenguangwu.github.io/tools/ophthalmology/index.html,0,0,0,1
clarity,4,,https://chenguangwu.github.io/tools/dynamics/index.html,0,0,0,2
clarity,5,,https://chenguangwu.github.io/tools/nuclear/mass-defect.html,1,0,0,1
clarity,6,,https://chenguangwu.github.io/tools/livestock/inbreeding-coefficient.html,0,0,0,1
clarity,7,,https://chenguangwu.github.io/tools/kinematics/height-fall-distance.html,1,0,0,1
clarity,8,,https://chenguangwu.github.io/tools/design/index.html?lang=en,0,0,0,1
clarity,10,,https://chenguangwu.github.io/tools/transport/calc-4.html,0,0,0,1
clarity,11,,https://chenguangwu.github.io/tools/nephrology/index.html,0,0,0,2
clarity,12,,https://chenguangwu.github.io/tools/geometry/index.html,0,0,0,1
clarity,13,,https://chenguangwu.github.io/tools/rheumatology/detector-8.html,0,0,0,1
clarity,16,,https://chenguangwu.github.io/tools/it/numeronym-generator.html,1,0,0,1
clarity,17,,https://chenguangwu.github.io/tools/math/circular-permutation.html,1,0,0,1
clarity,18,,https://chenguangwu.github.io/tools/ai/roc-auc.html,1,0,0,1
clarity,19,,https://chenguangwu.github.io/tools/ophthalmology/visual-field-analysis.html,1,0,0,1
clarity,20,,https://chenguangwu.github.io/tools/automotive/tire-wear.html,1,0,0,1
clarity,21,,https://chenguangwu.github.io/tools/mining/reserve-estimate.html,0,0,0,1
clarity,22,,https://chenguangwu.github.io/tools/sports/jixianwei-kuai-man-leixingtuice.html,0,0,0,1
clarity,23,,https://chenguangwu.github.io/tools/clinical-lab/flow-cytometry-ratio.html,1,0,0,1
clarity,24,,https://chenguangwu.github.io/tools/psychology/tester-3.html,0,0,0,1
clarity,26,,https://chenguangwu.github.io/tools/ophthalmology/corneal-curvature.html,2,0,0,1
clarity,27,,https://chenguangwu.github.io/tools/construction/index.html,0,0,0,1
clarity,28,,https://chenguangwu.github.io/tools/wedding/seating-chart.html,1,0,0,1
clarity,29,,https://chenguangwu.github.io/tools/food-safety/assessor-risk-6.html,0,0,0,1
clarity,30,,https://chenguangwu.github.io/tools/general/calc-94.html,1,0,0,1
clarity,32,,https://chenguangwu.github.io/tools/textile/fabric-converter.html,1,0,0,1
clarity,34,,https://chenguangwu.github.io/tools/network/analysis-66.html,1,0,0,1
clarity,35,,https://chenguangwu.github.io/tools/encode/encode-5.html,1,0,0,1
clarity,36,,https://chenguangwu.github.io/tools/reproductive-medicine/ivf-statistics.html,0,0,0,2
clarity,37,,https://chenguangwu.github.io/tools/usedcar/calc-73.html,1,0,0,1
clarity,39,,https://chenguangwu.github.io/tools/fishery/estimate-emission-wastewater.html,1,0,0,1
clarity,40,,https://chenguangwu.github.io/tools/life/density-converter.html,2,0,0,1
clarity,41,,https://chenguangwu.github.io/tools/tcm-chemistry/capsule-filling.html,0,0,0,1
clarity,42,,https://chenguangwu.github.io/tools/textile/fukuanpailiaoliyonglv.html,1,0,0,1
clarity,43,,https://chenguangwu.github.io/tools/forestry/area-18.html,1,0,0,1
clarity,44,,https://chenguangwu.github.io/tools/manufacturing/quality-control.html,1,0,0,1
clarity,45,,https://chenguangwu.github.io/tools/rubber/cure-time.html,0,0,0,1
clarity,46,,https://chenguangwu.github.io/tools/photo/depth-of-field.html,0,0,0,1
clarity,47,,https://chenguangwu.github.io/tools/energy/lcoe.html,1,0,0,1
clarity,48,,https://chenguangwu.github.io/tools/civil/cft-capacity.html,1,0,0,1
clarity,49,,https://chenguangwu.github.io/tools/aerospace/lift-coefficient.html,0,0,0,1
clarity,51,,https://chenguangwu.github.io/tools/photo/golden-hour.html,1,0,0,1
clarity,52,,https://chenguangwu.github.io/tools/life/tip-calculator.html,1,0,0,1
clarity,53,,https://chenguangwu.github.io/tools/yoga/index.html,1,0,0,1
clarity,54,,https://chenguangwu.github.io/tools/cosmetic-derm/aging-1.html,0,0,0,1
clarity,55,,https://chenguangwu.github.io/tools/banking/index.html,1,0,0,1
clarity,56,,https://chenguangwu.github.io/tools/urology/iief5-score.html,0,0,0,4
clarity,58,,https://chenguangwu.github.io/tools/funeral/grave-design.html,1,0,0,1
clarity,59,,https://chenguangwu.github.io/tools/decor/skirting-length.html,1,0,0,1
clarity,60,,https://chenguangwu.github.io/tools/marketing/marketing-markup-margin.html,1,0,0,1
clarity,61,,https://chenguangwu.github.io/tools/gardening/compost-calculator.html,0,0,0,1
clarity,62,,https://chenguangwu.github.io/tools/cardiology/myocardial-bridge.html,1,0,0,1
clarity,63,,https://chenguangwu.github.io/tools/nuclear/activity-from-halflife.html,1,0,0,1
clarity,64,,https://chenguangwu.github.io/tools/gastroenterology/calc-1.html,1,0,0,1
clarity,65,,https://chenguangwu.github.io/tools/acupuncture/index.html,1,0,0,1
clarity,66,,https://chenguangwu.github.io/tools/nephrology/shenxiaoqiulvguolv-24h-jiganqingchu-ccr.html,1,0,0,1
clarity,68,,https://chenguangwu.github.io/tools/exhibition/analysis-61.html,1,0,0,1
clarity,69,,https://chenguangwu.github.io/tools/design/rem-to-px.html,1,0,0,1
clarity,70,,https://chenguangwu.github.io/tools/music/guitar-fretboard.html,1,0,0,1
clarity,72,,https://chenguangwu.github.io/tools/automotive/voltage-1.html,0,0,0,1
clarity,73,,https://chenguangwu.github.io/tools/civil/excavation-earth.html,1,0,0,1
clarity,74,,https://chenguangwu.github.io/tools/food-testing/acid-peroxide-titration.html,0,0,0,1
clarity,75,,https://chenguangwu.github.io/tools/hydraulic/calc-speed-itinerary.html,0,0,0,1
clarity,76,,https://chenguangwu.github.io/tools/math/gcd-lcm.html,1,0,0,1
clarity,77,,https://chenguangwu.github.io/tools/realestate/assessor-38.html,1,0,0,1
clarity,78,,https://chenguangwu.github.io/tools/fun/bbq-portion.html,1,0,0,2
clarity,79,,https://chenguangwu.github.io/tools/finance/lease-payment-calculator.html,1,0,0,1
clarity,80,,https://chenguangwu.github.io/tools/agriculture/estimate-yield-rate.html,2,0,0,1
clarity,81,,https://chenguangwu.github.io/tools/general/distance-power-frequency.html,1,0,0,1
clarity,82,,https://chenguangwu.github.io/tools/it/toml-to-json.html,1,0,0,1
clarity,83,,https://chenguangwu.github.io/tools/general/bearing-1.html,1,0,0,1
clarity,84,,https://chenguangwu.github.io/tools/health/ibw-calculator.html,0,0,0,1
clarity,85,,https://chenguangwu.github.io/tools/tcm-pharmacy/medicinal-wine.html,1,0,0,1
clarity,86,,https://chenguangwu.github.io/tools/startup/calc-1.html,1,0,0,1
clarity,87,,https://chenguangwu.github.io/tools/fun/color-guess.html,1,0,0,1
clarity,88,,https://chenguangwu.github.io/tools/fishery/feeding-rate.html,0,0,0,1
clarity,89,,https://chenguangwu.github.io/tools/meteorology/wet-bulb-temperature.html,1,0,0,1
clarity,90,,https://chenguangwu.github.io/tools/health/dysphagia-food-guide.html,2,0,0,1
clarity,91,,https://chenguangwu.github.io/tools/office/pdf-rotate.html,1,0,0,2
clarity,92,,https://chenguangwu.github.io/tools/fire-rescue/index.html,1,0,0,1
clarity,93,,https://chenguangwu.github.io/tools/agriculture/calculator-calc-ratio-1.html,1,0,0,1
clarity,94,,https://chenguangwu.github.io/tools/science/heat-transfer-calculator.html,1,0,0,1
clarity,96,,https://chenguangwu.github.io/tools/urology/assessor-pressure.html,1,0,0,1.5
clarity,97,,https://chenguangwu.github.io/tools/pediatrics/chd-assessment.html,0,0,0,1
clarity,99,,https://chenguangwu.github.io/tools/gastroenterology/detector-7.html,1,0,0,2
clarity,101,,https://chenguangwu.github.io/tools/mechanical/bolt-torque.html,0,0,0,1
clarity,103,,https://chenguangwu.github.io/search.html?q=test,0,0,0,1
clarity,104,,https://chenguangwu.github.io/tools/endocrinology/mage-index.html,1,0,0,2
clarity,105,,https://chenguangwu.github.io/tools/accounting/report-2.html,1,0,0,1
clarity,107,,https://chenguangwu.github.io/tools/research/index.html,0,0,0,2
clarity,108,,https://chenguangwu.github.io/tools/sports/rater-35.html,1,0,0,1
clarity,109,,https://chenguangwu.github.io/tools/ai/flops.html,1,0,0,1
clarity,112,,https://chenguangwu.github.io/tools/tcm-diagnosis/pulse-diagnosis.html,0,0,0,1
clarity,114,,https://chenguangwu.github.io/tools/reproductive-medicine/pgt-indication.html,0,0,0,2
clarity,115,,https://chenguangwu.github.io/tools/healthcare/map.html,1,0,0,1
clarity,116,,https://chenguangwu.github.io/tools/hydraulic/pump-power.html,1,0,0,1
clarity,117,,https://chenguangwu.github.io/tools/rheumatology/mda5-antibody.html,1,0,0,1
clarity,118,,https://chenguangwu.github.io/tools/sports/baofali-zongtiao-lidingtiaoyuan.html,2,0,0,1
clarity,120,,https://chenguangwu.github.io/tools/clinical-nursing/iv-drip-rate.html,1,0,0,1
clarity,121,,https://chenguangwu.github.io/tools/machinery/calc-strength.html,0,0,0,1
clarity,122,,https://chenguangwu.github.io/tools/it/bcrypt.html,1,0,0,2
clarity,123,,https://chenguangwu.github.io/tools/blasting/rock-excavation.html,0,0,0,1
clarity,124,,https://chenguangwu.github.io/tools/reproductive-medicine/epididymal-aspiration.html,1,0,0,1.5
clarity,125,,https://chenguangwu.github.io/tools/agriculture/dry-matter-conversion.html,1,0,0,1
clarity,126,,https://chenguangwu.github.io/tools/science/cycle.html,1,0,0,1
clarity,128,,https://chenguangwu.github.io/tools/energy/energy-efficiency.html,1,0,0,1
clarity,129,,https://chenguangwu.github.io/tools/it/calc-4.html,1,0,0,1
clarity,130,,https://chenguangwu.github.io/tools/science/wire-gauge-converter.html,2,0,0,1
clarity,131,,https://chenguangwu.github.io/tools/forensic-medicine/drowning-diatom.html,1,0,0,2
clarity,134,,https://chenguangwu.github.io/tools/science/phone-qr.html,2,0,0,1
clarity,135,,https://chenguangwu.github.io/tools/textile2/dye-temp.html,0,0,0,1
clarity,136,,https://chenguangwu.github.io/tools/it/case-converter.html,1,0,0,1
clarity,137,,https://chenguangwu.github.io/tools/design/generator-8.html,1,0,0,1
clarity,138,,https://chenguangwu.github.io/tools/cosmetic-derm/thread-lift.html,1,0,0,1
clarity,139,,https://chenguangwu.github.io/tools/advertising/convert-27.html,1,0,0,1
clarity,140,,https://chenguangwu.github.io/tools/fluid/terminal-velocity.html,1,0,0,1
clarity,141,,https://chenguangwu.github.io/tools/materials/volumetric-strain.html,0,0,0,1
clarity,142,,https://chenguangwu.github.io/tools/reproductive-medicine/vasography.html,1,0,0,1
clarity,143,,https://chenguangwu.github.io/tools/mining/mineral-density.html,1,0,0,1
clarity,144,,https://chenguangwu.github.io/tools/endocrinology/calc-1.html,1,0,0,1
clarity,145,,https://chenguangwu.github.io/tools/seismology/index.html,1,0,0,1
clarity,147,,https://chenguangwu.github.io/tools/geometry/dot-product-2d.html,1,0,0,1
clarity,148,,https://chenguangwu.github.io/tools/sports/taiquandao-hengti-xiapi-defen.html,1,0,0,1
clarity,149,,https://chenguangwu.github.io/tools/finance/credit-card-bin.html,1,0,0,1
clarity,150,,https://chenguangwu.github.io/tools/welding/hanjiegongzhuangjiajusheji.html,1,0,0,1
clarity,151,,https://chenguangwu.github.io/tools/economics/inflation-rate.html,1,0,0,1
clarity,152,,https://chenguangwu.github.io/tools/science/physics-calculator.html,1,0,0,1
clarity,154,,https://chenguangwu.github.io/guides/baker-percentage-guide.html,0,0,0,1
clarity,155,,https://chenguangwu.github.io/tools/legal/calc-8.html,1,0,0,1
clarity,156,,https://chenguangwu.github.io/guides/gitignore-generator-guide.html,1,0,0,1
clarity,157,,https://chenguangwu.github.io/tools/data/random-6.html,1,0,0,1
clarity,159,,https://chenguangwu.github.io/tools/endocrinology/index.html,1,0,0,1
clarity,161,,https://chenguangwu.github.io/tools/quantum/index.html,1,0,0,1
clarity,163,,https://chenguangwu.github.io/tools/it/gitignore-generator.html,1,0,0,1
clarity,164,,https://chenguangwu.github.io/tools/cardiology/antiarrhythmic-class.html,0,0,0,1
clarity,166,,https://chenguangwu.github.io/search.html?q=%E5%A4%8D%E5%88%A9%E5%A4%8D%E5%88%A9,1,0,0,1
clarity,168,,https://chenguangwu.github.io/tools/psychiatry/phq9-depression.html,1,0,0,1
clarity,169,,https://chenguangwu.github.io/tools/robotics/end-effector-reach.html,1,0,0,1
clarity,170,,https://chenguangwu.github.io/tools/ballistics/caliber-conversion.html,0,0,0,1
clarity,172,,https://chenguangwu.github.io/tools/finance/index.html,0,0,0,1
clarity,173,,https://chenguangwu.github.io/tools/fitness/rater-time.html,1,0,0,1
clarity,174,,https://chenguangwu.github.io/tools/fishery/feed-rate-calculator.html,0,0,0,1.5
clarity,175,,https://chenguangwu.github.io/tools/design/pixel-art-generator.html,2,0,0,1
clarity,176,,https://chenguangwu.github.io/tools/general/detector-water-pressure-1.html,0,0,0,1
clarity,177,,https://chenguangwu.github.io/tools/it/text-statistics.html,1,0,0,1
clarity,178,,https://chenguangwu.github.io/tools/it/string-obfuscator.html,1,0,0,1
clarity,179,,https://chenguangwu.github.io/tools/life/volume-converter.html,2,0,0,1
clarity,180,,https://chenguangwu.github.io/tools/it/js-obfuscator.html,3,0,0,1
clarity,182,,https://chenguangwu.github.io/tools/uiux/analysis-64.html,1,0,0,1
clarity,184,,https://chenguangwu.github.io/index.html,6,0,0,7
clarity,185,,https://chenguangwu.github.io/tools/elderly/index.html,1,0,0,1
clarity,186,,https://chenguangwu.github.io/tools/life/magnet-converter.html,1,0,0,1
clarity,189,,https://chenguangwu.github.io/tools/welding/detector-25.html,0,0,0,1
clarity,190,,https://chenguangwu.github.io/tools/metrology/expanded-uncertainty.html,1,0,0,1
clarity,191,,https://chenguangwu.github.io/tools/sports/xuerusuanyuzhiceding.html,1,0,0,1
clarity,192,,https://chenguangwu.github.io/tools/leather/area-20.html,1,0,0,1
clarity,193,,https://chenguangwu.github.io/tools/it/pdf-signature-checker.html,1,0,0,1
clarity,194,,https://chenguangwu.github.io/tools/energy/electrical-power.html,1,0,0,1
clarity,195,,https://chenguangwu.github.io/tools/general/power-voltage.html,1,0,0,1
clarity,196,,https://chenguangwu.github.io/?lang=en,0,0,0,2
clarity,197,,https://chenguangwu.github.io/tools/chinese-cook/cutting-sizes.html,1,0,0,1
clarity,198,,https://chenguangwu.github.io/tools/general/calc-203.html,1,0,0,1
clarity,199,,https://chenguangwu.github.io/tools/music/detector.html,1,0,0,1
clarity,200,,https://chenguangwu.github.io/tools/quantum/mass-energy-equivalence.html,1,0,0,1
clarity,204,,https://chenguangwu.github.io/tools/acupuncture/moxibustion-count.html,1,0,0,1
clarity,205,,https://chenguangwu.github.io/tools/rheumatology/assessor-10.html,1,0,0,1
clarity,206,,https://chenguangwu.github.io/tools/it/calc-1.html,1,0,0,1
clarity,207,,https://chenguangwu.github.io/tools/ceramics/glaze-ratio.html,1,0,0,1
clarity,208,,https://chenguangwu.github.io/search.html?q=abcdefg,1,0,0,1
clarity,209,,https://chenguangwu.github.io/tools/mechanical/bearing-life.html,1,0,0,1
clarity,210,,https://chenguangwu.github.io/tools/hematology/coagulation-factor.html,1,0,0,1
clarity,212,,https://chenguangwu.github.io/tools/it/text-dedupe-sort.html,1,0,0,1
clarity,215,,https://chenguangwu.github.io/tools/pediatrics/rater-27.html,1,0,0,1
clarity,216,,https://chenguangwu.github.io/tools/uiux/index.html,1,0,0,1
clarity,217,,https://chenguangwu.github.io/tools/leather/index.html,1,0,0,1.5
clarity,218,,https://chenguangwu.github.io/tools/gardening2/pest-control.html,0,0,0,1
clarity,219,,https://chenguangwu.github.io/tools/music/sheet-music.html,1,0,0,1
clarity,220,,https://chenguangwu.github.io/tools/finance/lottery-odds-calculator.html,2,0,0,1.3333333333333333
clarity,221,,https://chenguangwu.github.io/tools/general/voltage-9.html,1,0,0,2
clarity,222,,https://chenguangwu.github.io/tools/legal/will-template-generator.html,1,0,0,2
clarity,223,,https://chenguangwu.github.io/tools/martial-arts/assessor-hardness.html,1,0,0,1
clarity,224,,https://chenguangwu.github.io/tools/urology/rater-3.html,0,0,0,2
clarity,225,,https://chenguangwu.github.io/tools/it/text-steganography.html,1,0,0,1
clarity,226,,https://chenguangwu.github.io/tools/dance/assessor-csat-1.html,1,0,0,1
clarity,227,,https://chenguangwu.github.io/tools/nutrition/calorie-deficit.html,0,0,0,1
clarity,229,,https://chenguangwu.github.io/tools/fun/word-scramble.html,2,0,0,1
clarity,230,,https://chenguangwu.github.io/tools/finance/tax-bracket.html,1,0,0,1
clarity,231,,https://chenguangwu.github.io/tools/legal/feisu-ipo-simu-binggou-yewu.html,2,0,0,1
clarity,232,,https://chenguangwu.github.io/tools/tcm-diagnosis/disease-tracking.html,1,0,0,1
clarity,233,,https://chenguangwu.github.io/tools/cosmetic-derm/index.html,0,0,0,2
clarity,234,,https://chenguangwu.github.io/tools/statistics/confidence-proportion.html,1,0,0,1
clarity,235,,https://chenguangwu.github.io/tools/rheumatology/rater-17.html,1,0,0,2
clarity,236,,https://chenguangwu.github.io/tools/dentistry/assessor-5.html,0,0,0,1
clarity,237,,https://chenguangwu.github.io/tools/fun/pattern-memory.html,1,0,0,1
clarity,238,,https://chenguangwu.github.io/tools/surveying/area-calc.html,1,0,0,1
clarity,239,,https://chenguangwu.github.io/tools/it/box-shadow-generator.html,1,0,0,1
clarity,241,,https://chenguangwu.github.io/tools/rehabilitation/assistive-device-fitting.html,1,0,0,1
clarity,242,,https://chenguangwu.github.io/tools/edu/pinyin-typing-practice.html,1,0,0,1
clarity,243,,https://chenguangwu.github.io/tools/tcm-diagnosis/disease-nature.html,1,0,0,2
clarity,244,,https://chenguangwu.github.io/tools/quantum/angular-momentum-quant.html,1,0,0,1
clarity,245,,https://chenguangwu.github.io/tools/life/unit-converter.html,1,0,0,1
clarity,248,,https://chenguangwu.github.io/tools/photo/index.html,1,0,0,1
clarity,249,,https://chenguangwu.github.io/tools/general/detector-131.html,0,0,0,1
clarity,250,,https://chenguangwu.github.io/tools/transport/estimate-capacity.html,1,0,0,1
clarity,251,,https://chenguangwu.github.io/tools/unitedfront/index.html,1,0,0,1
clarity,252,,https://chenguangwu.github.io/tools/safety/ppe-replacement.html,1,0,0,1
clarity,254,,https://chenguangwu.github.io/tools/language/spanish-accent-rules.html,1,0,0,1
clarity,255,,https://chenguangwu.github.io/tools/fun/keyboard-heatmap.html,1,0,0,1
clarity,256,,https://chenguangwu.github.io/tools/forensic-medicine/fall-injury.html,1,0,0,1
clarity,257,,https://chenguangwu.github.io/tools/ent/adenoid-grading.html,1,0,0,1
clarity,258,,https://chenguangwu.github.io/tools/cardiology/grace-score.html,1,0,0,1
clarity,260,,https://chenguangwu.github.io/tools/mining/estimate-reserve.html,1,0,0,1
clarity,261,,https://chenguangwu.github.io/tools/reproductive-medicine/detector-9.html,0,0,0,2
clarity,263,,https://chenguangwu.github.io/tools/nephrology/peritoneal-equilibrium.html,1,0,0,1
clarity,264,,https://chenguangwu.github.io/tools/photo/photo.html,1,0,0,2
clarity,266,,https://chenguangwu.github.io/tools/gas/length-pipeline.html,0,0,0,1
clarity,268,,https://chenguangwu.github.io/tools/mining/ore-grade.html,1,0,0,1
clarity,269,,https://chenguangwu.github.io/tools/community/index.html,0,0,0,1
clarity,270,,https://chenguangwu.github.io/tools/exhibition/index.html,1,0,0,1
clarity,272,,https://chenguangwu.github.io/tools/statistics/cramers-v.html,1,0,0,1
clarity,273,,https://chenguangwu.github.io/tools/reproductive-medicine/anti-sperm-antibody.html,0,0,0,2
clarity,274,,https://chenguangwu.github.io/tools/general/detector-concentration.html,2,0,0,1
clarity,275,,https://chenguangwu.github.io/tools/chinese-cook/oil-temp.html,0,0,0,1
clarity,276,,https://chenguangwu.github.io/tools/medical/index.html,0,0,0,2
clarity,278,,https://chenguangwu.github.io/tools/design/audio-recorder.html,1,0,0,1
clarity,279,,https://chenguangwu.github.io/tools/it/api-sign-generator.html,1,0,0,1
clarity,280,,https://chenguangwu.github.io/tools/geology/analysis-32.html,1,0,0,1
clarity,281,,https://chenguangwu.github.io/tools/cable/cable-tray-sizing.html,1,0,0,1
clarity,283,,https://chenguangwu.github.io/tools/rheumatology/gout-uric-acid.html,0,0,0,1
clarity,284,,https://chenguangwu.github.io/tools/rehabilitation/fim-scale.html,1,0,0,2
clarity,285,,https://chenguangwu.github.io/tools/geology/huanjingdizhipingjia.html,1,0,0,1
clarity,286,,https://chenguangwu.github.io/sitemap.html,0,0,0,1
clarity,287,,https://chenguangwu.github.io/tools/sports/sheyangdonglixuebanshi.html,1,0,0,2
clarity,288,,https://chenguangwu.github.io/tools/psychiatry/index.html,0,0,0,2
clarity,290,,https://chenguangwu.github.io/tools/math/multinomial-coefficient.html,1,0,0,1
clarity,291,,https://chenguangwu.github.io/tools/signal/rc-time-constant.html,1,0,0,1
clarity,292,,https://chenguangwu.github.io/tools/ent/index.html,1,0,0,1
clarity,294,,https://chenguangwu.github.io/tools/railway/index.html,1,0,0,2
clarity,295,,https://chenguangwu.github.io/tools/urology/urethral-stricture.html,0,0,0,2
clarity,296,,https://chenguangwu.github.io/tools/fishery/feed-calculator.html,0,0,0,1
clarity,297,,https://chenguangwu.github.io/tools/reproductive-medicine/assessor-15.html,0,0,0,2
clarity,298,,https://chenguangwu.github.io/tools/meteorology/qiyaxitongyidonglujing.html,1,0,0,1
clarity,299,,https://chenguangwu.github.io/tools/reproductive-medicine/liquefaction-time.html,1,0,0,5.5
clarity,300,,https://chenguangwu.github.io/tools/reproductive-medicine/icsi-success.html,0,0,0,2
clarity,301,,https://chenguangwu.github.io/tools/design/generator-10.html,0,0,0,1
clarity,303,,https://chenguangwu.github.io/tools/fishery/harvest-size-price.html,1,0,0,1
clarity,304,,https://chenguangwu.github.io/tools/safety/generator-22.html,1,0,0,1
clarity,306,,https://chenguangwu.github.io/tools/general/power-7.html,0,0,0,1
clarity,308,,https://chenguangwu.github.io/tools/general/torque-3.html,0,0,0,1
clarity,309,,https://chenguangwu.github.io/tools/gardening/plant-calendar.html,1,0,0,1
clarity,310,,https://chenguangwu.github.io/tools/water/calc-pressure.html,1,0,0,1
clarity,311,,https://chenguangwu.github.io/tools/hydraulic/power-3.html,1,0,0,1
clarity,312,,https://chenguangwu.github.io/tools/mechanical/gear-ratio.html,1,0,0,1
clarity,313,,https://chenguangwu.github.io/tools/general/pressure-weld.html,0,0,0,1
clarity,314,,https://chenguangwu.github.io/tools/eco/env-impact-score.html,1,0,0,1
clarity,315,,https://chenguangwu.github.io/tools/general/torque-1.html,1,0,0,1
clarity,316,,https://chenguangwu.github.io/tools/design/isometric-grid.html,1,0,0,2
clarity,318,,https://chenguangwu.github.io/tools/furniture/index.html,1,0,0,1
clarity,319,,https://chenguangwu.github.io/search.html,1,0,0,3
clarity,320,,https://chenguangwu.github.io/tools/fluid/index.html,0,0,0,2
clarity,322,,https://chenguangwu.github.io/tools/finance/word-counter.html,1,0,0,1
clarity,323,,https://chenguangwu.github.io/tools/beauty/index.html,0,0,0,1
clarity,324,,https://chenguangwu.github.io/tools/reproductive-medicine/testicular-volume.html,2,0,0,3.6666666666666665
clarity,325,,https://chenguangwu.github.io/tools/marketing/tagline-generator.html,1,0,0,1
clarity,326,,https://chenguangwu.github.io/tools/cardiology/statin-dose.html,1,0,0,1
clarity,330,,https://chenguangwu.github.io/tools/rehabilitation/prosthesis-alignment.html,1,0,0,1
clarity,335,,https://chenguangwu.github.io/index.html#hot,0,0,0,1
clarity,336,,https://chenguangwu.github.io/tools/it/robots-txt-generator.html,0,0,0,1
clarity,337,,https://chenguangwu.github.io/tools/finance/installment-real-rate.html,1,0,0,1
clarity,339,,https://chenguangwu.github.io/tools/travel/timezone-converter-advanced.html,0,0,0,1
clarity,341,,https://chenguangwu.github.io/tools/fun/color-memory.html,1,0,0,1
clarity,342,,https://chenguangwu.github.io/tools/life/timestamp.html,0,0,0,1
clarity,343,,https://chenguangwu.github.io/tools/general/detector-composition.html,1,0,0,2
clarity,344,,https://chenguangwu.github.io/tools/meteorology/index.html,1,0,0,1
clarity,346,,https://chenguangwu.github.io/tools/neurology/calc-1.html,1,0,0,1
clarity,347,,https://chenguangwu.github.io/tools/tax/vat-output.html,1,0,0,1
clarity,348,,https://chenguangwu.github.io/tools/nephrology/edema-grading.html,0,0,0,2
clarity,349,,https://chenguangwu.github.io/tools/content/generator-time-1.html,1,0,0,1
clarity,350,,https://chenguangwu.github.io/tools/acupuncture/analysis-10.html,1,0,0,1
clarity,354,,https://chenguangwu.github.io/tools/kinematics/relative-velocity-1d.html,1,0,0,1
clarity,355,,https://chenguangwu.github.io/tools/it/otp-generator.html,1,0,0,1
clarity,356,,https://chenguangwu.github.io/tools/urology/turp-parameters.html,0,0,0,2
clarity,357,,https://chenguangwu.github.io/tools/gastroenterology/mayo-score.html,1,0,0,1
clarity,358,,https://chenguangwu.github.io/tools/it/jwt.html,0,0,0,1
clarity,360,,https://chenguangwu.github.io/tools/cosmetic-derm/jiguangbochangbadian.html,0,0,0,1
clarity,361,,https://chenguangwu.github.io/?lang=en-US,1,0,0,1
clarity,362,,https://chenguangwu.github.io/tools/rheumatology/rater-16.html,1,0,0,1
clarity,363,,https://chenguangwu.github.io/tools/metalwork/pressure-casting.html,1,0,0,1
clarity,365,,https://chenguangwu.github.io/tools/signal/pwm-average.html,1,0,0,1
clarity,366,,https://chenguangwu.github.io/tools/clinical-nursing/pain-nrs.html,1,0,0,1
clarity,368,,https://chenguangwu.github.io/tools/welding/flow-ratio.html,0,0,0,1
clarity,369,,https://chenguangwu.github.io/tools/it/id-card-generator.html,1,0,0,1
clarity,370,,https://chenguangwu.github.io/tools/legal/statute-limitations.html,2,0,0,1
clarity,372,,https://chenguangwu.github.io/tools/ballistics/recoil-estimation.html,0,0,0,1
clarity,373,,https://chenguangwu.github.io/tools/hematology/pnh-flow.html,1,0,0,1
clarity,374,,https://chenguangwu.github.io/tools/sports/rater-motion.html,1,0,0,1
clarity,375,,https://chenguangwu.github.io/tools/reproductive-medicine/progressive-motility.html,0,0,0,4
clarity,377,,https://chenguangwu.github.io/tools/astronomy/humidity-calculator.html,1,0,0,1
clarity,378,,https://chenguangwu.github.io/tools/ai/ai-4.html,0,0,0,1
clarity,379,,https://chenguangwu.github.io/tools/science/newtons-second.html,1,0,0,1
clarity,380,,https://chenguangwu.github.io/tools/reproductive-medicine/retrograde-ejaculation.html,1,0,0,1
clarity,382,,https://chenguangwu.github.io/tools/it/uuid-generator.html,1,0,0,1
clarity,383,,https://chenguangwu.github.io/tools/materials/bulk-modulus.html,1,0,0,1
clarity,384,,https://chenguangwu.github.io/tools/restaurant/table-turnover.html,1,0,0,1
clarity,385,,https://chenguangwu.github.io/tools/misc/physics-constants.html,1,0,0,1
clarity,386,,https://chenguangwu.github.io/tools/audit/depreciation-compare.html,1,0,0,1
clarity,387,,https://chenguangwu.github.io/tools/biz/superscript-text.html,2,0,0,1
clarity,388,,https://chenguangwu.github.io/tools/acoustics/sound-intensity-level.html,1,0,0,1
clarity,389,,https://chenguangwu.github.io/tools/edu/calc-4.html,1,0,0,1
clarity,390,,https://chenguangwu.github.io/tools/stage/power-load.html,1,0,0,1
clarity,392,,https://chenguangwu.github.io/tools/data/generator-14.html,1,0,0,1
clarity,393,,https://chenguangwu.github.io/tools/thermodynamics/compressor-isentropic-work.html,1,0,0,1
clarity,395,,https://chenguangwu.github.io/tools/general/temp-pressure-3.html,0,0,0,1
clarity,397,,https://chenguangwu.github.io/tools/statistics/sample-size-proportion.html,2,0,0,1
clarity,398,,https://chenguangwu.github.io/tools/agriculture/irrigation-calculator.html,0,0,0,1
clarity,399,,https://chenguangwu.github.io/tools/health/calc-2.html,1,0,0,1
clarity,400,,https://chenguangwu.github.io/tools/it/jwt-debugger.html,1,0,0,1
clarity,401,,https://chenguangwu.github.io/tools/electromagnetism/index.html,0,0,0,1
clarity,402,,https://chenguangwu.github.io/tools/it/typescript-compiler.html,1,0,0,1
clarity,404,,https://chenguangwu.github.io/search.html?q=%E5%A4%8D%E5%88%A9,1,0,0,2
clarity,405,,https://chenguangwu.github.io/tools/antiques/index.html,1,0,0,1
clarity,406,,https://chenguangwu.github.io/tools/nuclear/index.html,1,0,0,1
clarity,407,,https://chenguangwu.github.io/tools/tcm-diagnosis/generator-29.html,1,0,0,1
clarity,409,,https://chenguangwu.github.io/tools/reproductive-medicine/embryo-grading.html,0,0,0,2
clarity,410,,https://chenguangwu.github.io/tools/maritime/anchorage-capacity.html,1,0,0,1
clarity,412,,https://chenguangwu.github.io/tools/paper/calc-concentration-1.html,1,0,0,1
clarity,415,,https://chenguangwu.github.io/tools/reproductive-medicine/stats-6.html,0,0,0,2
clarity,416,,https://chenguangwu.github.io/tools/agriculture/calc-13.html,1,0,0,1
clarity,417,,https://chenguangwu.github.io/tools/it/pomodoro.html,0,0,0,1
clarity,418,,https://chenguangwu.github.io/tools/obstetrics/ovarian-reserve.html,1,0,0,1
clarity,419,,https://chenguangwu.github.io/tools/rheumatology/mctd-diagnosis.html,1,0,0,2
clarity,420,,https://chenguangwu.github.io/tools/general/fabric-1.html,0,0,0,1
clarity,421,,https://chenguangwu.github.io/tools/general/detector-resistance.html,1,0,0,1
clarity,423,,https://chenguangwu.github.io/tools/acupuncture/recommender-acupoint.html,1,0,0,1
clarity,424,,https://chenguangwu.github.io/tools/hematology/index.html,0,0,0,1
clarity,425,,https://chenguangwu.github.io/tools/knowledge/index.html,1,0,0,1
clarity,428,,https://chenguangwu.github.io/tools/acoustics/critical-distance.html,1,0,0,1
clarity,429,,https://chenguangwu.github.io/tools/hydraulic/orifice-discharge.html,1,0,0,1
clarity,430,,https://chenguangwu.github.io/tools/finance/compound-interest.html,4,0,0,1
clarity,432,,https://chenguangwu.github.io/tools/consulting/index.html,1,0,0,1
clarity,433,,https://chenguangwu.github.io/tools/eco/electricity-carbon.html,1,0,0,2
clarity,434,,https://chenguangwu.github.io/tools/fire/extinguisher-calc.html,0,0,0,2
clarity,435,,https://chenguangwu.github.io/tools/surveying/external-distance-curve.html,1,0,0,1
clarity,436,,https://chenguangwu.github.io/tools/edu/calc-3.html,1,0,0,1
clarity,437,,https://chenguangwu.github.io/tools/meteorology/protection-3.html,1,0,0,1
clarity,438,,https://chenguangwu.github.io/tools/fun/coin-flip.html,1,0,0,2
clarity,440,,https://chenguangwu.github.io/tools/meteorology/temp-pressure.html,1,0,0,1
clarity,441,,https://chenguangwu.github.io/tools/edu/math-quiz.html,1,0,0,1
clarity,442,,https://chenguangwu.github.io/tools/nuclear/activity-decay.html,1,0,0,1
clarity,443,,https://chenguangwu.github.io/tools/beauty/analysis-detector-diagnosis.html,1,0,0,1
clarity,444,,https://chenguangwu.github.io/tools/textile/shrinkage.html,1,0,0,1
clarity,445,,https://chenguangwu.github.io/tools/textile/ratio-20.html,1,0,0,1
clarity,446,,https://chenguangwu.github.io/tools/urology/penile-rigidity.html,0,0,0,2
clarity,447,,https://chenguangwu.github.io/tools/it/less-compiler.html,0,0,0,1
clarity,448,,https://chenguangwu.github.io/tools/music/music-analysis.html,1,0,0,2
clarity,450,,https://chenguangwu.github.io/tools/ai/ai-6.html,2,0,0,1
clarity,451,,https://chenguangwu.github.io/tools/finance/profit-margin-calculator.html,2,0,0,1
clarity,452,,https://chenguangwu.github.io/tools/metallurgy/solidification-time.html,1,0,0,1
clarity,453,,https://chenguangwu.github.io/tools/ceramics/index.html,1,0,0,1
clarity,454,,https://chenguangwu.github.io/tools/it/toml-to-xml.html,1,0,0,1
clarity,455,,https://chenguangwu.github.io/tools/general/detector-lifespan.html,1,0,0,1
clarity,456,,https://chenguangwu.github.io/tools/tcm-diagnosis/meridian-differentiation.html,0,0,0,1
clarity,457,,https://chenguangwu.github.io/tools/rheumatology/igg4-level.html,1,0,0,1
clarity,459,,https://chenguangwu.github.io/tools/design/generator-12.html,1,0,0,1
clarity,461,,https://chenguangwu.github.io/tools/misc/scientific-notation.html,1,0,0,1
clarity,462,,https://chenguangwu.github.io/tools/forensic-medicine/wound-description.html,0,0,0,1
clarity,463,,https://chenguangwu.github.io/tools/metallurgy/calc-88.html,1,0,0,1
clarity,464,,https://chenguangwu.github.io/tools/stage/index.html,1,0,0,1
clarity,465,,https://chenguangwu.github.io/tools/property/cleaning-allocation.html,1,0,0,1
clarity,466,,https://chenguangwu.github.io/tools/forensic-medicine/bloodstain-pattern.html,0,0,0,1
clarity,467,,https://chenguangwu.github.io/tools/design/grid-pattern.html,0,0,0,1
clarity,468,,https://chenguangwu.github.io/tools/tcm-pharmacy/medication-timing.html,1,0,0,1
clarity,469,,https://chenguangwu.github.io/tools/rubber/index.html,1,0,0,1
clarity,470,,https://chenguangwu.github.io/tools/it/password-generator.html,7,0,0,2.111111111111111
clarity,471,,https://chenguangwu.github.io/tools/legal/double-wage-no-contract.html,1,0,0,1
clarity,472,,https://chenguangwu.github.io/tools/fitness/calc-heart-rate.html,1,0,0,1
clarity,473,,https://chenguangwu.github.io/tools/design/css-animation-generator.html,1,0,0,1
clarity,475,,https://chenguangwu.github.io/tools/forestry/shengwuduoyangxingshannon.html,1,0,0,1
clarity,476,,https://chenguangwu.github.io/tools/fishery/spawning-hormone.html,0,0,0,1
clarity,477,,https://chenguangwu.github.io/tools/it/xxtea.html,1,0,0,1
clarity,478,,https://chenguangwu.github.io/tools/finance/license-key-validator.html,1,0,0,1
clarity,479,,https://chenguangwu.github.io/tools/pediatrics/diarrhea-dehydration.html,1,0,0,1
clarity,480,,https://chenguangwu.github.io/tools/automotive/fuel-anomaly.html,1,0,0,1
clarity,482,,https://chenguangwu.github.io/tools/general/pressure-flow-5.html,1,0,0,1
clarity,484,,https://chenguangwu.github.io/tools/geometry/pyramid-volume.html,1,0,0,1
clarity,487,,https://chenguangwu.github.io/tools/wedding/countdown-timeline.html,0,0,0,1
clarity,488,,https://chenguangwu.github.io/tools/auto-beauty/index.html,1,0,0,1
clarity,489,,https://chenguangwu.github.io/tools/dermatology/index.html,1,0,0,1
clarity,490,,https://chenguangwu.github.io/tools/math/factorial-calc.html,1,0,0,1
clarity,491,,https://chenguangwu.github.io/tools/it/curl-parser.html,1,0,0,1
clarity,493,,https://chenguangwu.github.io/tools/surveying/prismoidal-volume.html,1,0,0,1
clarity,494,,https://chenguangwu.github.io/tools/endocrinology/calcium-pth-axis.html,1,0,0,1
clarity,495,,https://chenguangwu.github.io/tools/pulmonology/index.html,0,0,0,1
clarity,496,,https://chenguangwu.github.io/tools/it/json-formatter.html?lang=en-US,0,0,0,1
clarity,498,,https://chenguangwu.github.io/tools/hr/performance-ranking.html,0,0,0,2
clarity,499,,https://chenguangwu.github.io/tools/beauty/calc-1.html,1,0,0,1
clarity,500,,https://chenguangwu.github.io/tools/hvac/pump-calculator.html,1,0,0,1
clarity,501,,https://chenguangwu.github.io/tools/kinematics/index.html,0,0,0,1
clarity,502,,https://chenguangwu.github.io/tools/statistics/mean-absolute-deviation.html,2,0,0,1
clarity,503,,https://chenguangwu.github.io/tools/statistics/sample-variance.html,1,0,0,1
clarity,504,,https://chenguangwu.github.io/tools/fishery/winter-heating.html,1,0,0,1
clarity,505,,https://chenguangwu.github.io/tools/quantum/thermal-de-broglie.html,1,0,0,1
clarity,506,,https://chenguangwu.github.io/tools/electromagnetism/magnetic-flux.html,1,0,0,1
clarity,507,,https://chenguangwu.github.io/tools/hydraulic/dam-stability.html,0,0,0,1
clarity,508,,https://chenguangwu.github.io/tools/metalwork/zhineng-duogongnengyunaiyongduibijisuanqi.html,1,0,0,1
clarity,509,,https://chenguangwu.github.io/tools/chemistry/molality.html,1,0,0,1
clarity,510,,https://chenguangwu.github.io/?lang=zh-CN,0,0,0,1
clarity,511,,https://chenguangwu.github.io/tools/pulmonology/lung-rads.html,1,0,0,1
clarity,512,,https://chenguangwu.github.io/tools/tunnel/lining-thickness.html,0,0,0,1
clarity,513,,https://chenguangwu.github.io/tools/edu2/study-progress.html,1,0,0,1
clarity,514,,https://chenguangwu.github.io/tools/pulmonology/wells-pe.html,1,0,0,1
clarity,516,,https://chenguangwu.github.io/tools/music/music-theory.html,1,0,0,1
clarity,518,,https://chenguangwu.github.io/tools/beauty/assessor-risk-12.html,1,0,0,1
clarity,519,,https://chenguangwu.github.io/tools/health/premature-age-calculator.html,1,0,0,1
clarity,520,,https://chenguangwu.github.io/tools/dentistry/dental-arch-development.html,0,0,0,1
clarity,521,,https://chenguangwu.github.io/tools/futures/index.html,1,0,0,1
clarity,522,,https://chenguangwu.github.io/tools/it/invite-code-generator.html,1,0,0,1
clarity,523,,https://chenguangwu.github.io/tools/health/one-rep-max.html,2,0,0,1
clarity,524,,https://chenguangwu.github.io/tools/seismology/assessor-30.html,0,0,0,1
clarity,526,,https://chenguangwu.github.io/tools/accounting/assessor-risk-11.html,1,0,0,1
clarity,527,,https://chenguangwu.github.io/tools/materials/index.html,1,0,0,1.5
clarity,528,,https://chenguangwu.github.io/tools/aerospace/rocket-delta-v.html,1,0,0,1
clarity,529,,https://chenguangwu.github.io/tools/livestock/feed-conversion-ratio.html,1,0,0,1
clarity,530,,https://chenguangwu.github.io/tools/biz/justify-text.html,1,0,0,1
clarity,531,,https://chenguangwu.github.io/tools/life/concentration-converter.html,1,0,0,2
clarity,532,,https://chenguangwu.github.io/tools/urology/stone-size-assessment.html,0,0,0,2
clarity,535,,https://chenguangwu.github.io/tools/materials/brinell-hardness.html,1,0,0,2
clarity,536,,https://chenguangwu.github.io/tools/biz/text-replace-advanced.html,1,0,0,1
clarity,537,,https://chenguangwu.github.io/tools/kinematics/angular-final-velocity.html,1,0,0,1
clarity,538,,https://chenguangwu.github.io/tools/science/index.html,0,0,0,1
clarity,539,,https://chenguangwu.github.io/tools/structural/section-modulus-circle.html,1,0,0,1
clarity,540,,https://chenguangwu.github.io/tools/reproductive-medicine/sperm-dfi.html,0,0,0,1
clarity,541,,https://chenguangwu.github.io/tools/niche/index.html,1,0,0,1
clarity,543,,https://chenguangwu.github.io/tools/dermatology/chilblain-grading.html,0,0,0,1
clarity,544,,https://chenguangwu.github.io/tools/it/bip39-generator.html,1,0,0,1
clarity,545,,https://chenguangwu.github.io/tools/ai/index.html,0,0,0,1
clarity,546,,https://chenguangwu.github.io/tools/health/ideal-weight.html,0,0,0,1
clarity,547,,https://chenguangwu.github.io/tools/design/color-picker.html,2,0,0,1
clarity,549,,https://chenguangwu.github.io/tools/it/chmod-calculator.html,1,0,0,2
clarity,550,,https://chenguangwu.github.io/tools/endocrinology/short-stature-prediction.html,1,0,0,1
clarity,551,,https://chenguangwu.github.io/tools/event/index.html,1,0,0,1
clarity,552,,https://chenguangwu.github.io/tools/travel/index.html,0,0,0,1
clarity,554,,https://chenguangwu.github.io/tools/finance/credit-card-interest.html,1,0,0,1
clarity,555,,https://chenguangwu.github.io/tools/general/zhilengshebeixuanxing.html,0,0,0,1
clarity,556,,https://chenguangwu.github.io/tools/edu/capital-quiz.html,1,0,0,1
clarity,558,,https://chenguangwu.github.io/tools/it/markdown-to-html.html,0,0,0,1
clarity,559,,https://chenguangwu.github.io/tools/electromagnetism/energy-inductor.html,1,0,0,1
clarity,560,,https://chenguangwu.github.io/search.html?q=json&lang=zh-CN,0,0,0,1
clarity,561,,https://chenguangwu.github.io/tools/metrology/index.html,0,0,0,1
clarity,562,,https://chenguangwu.github.io/tools/food/soup-ratio-optimizer.html,0,0,0,1
clarity,563,,https://chenguangwu.github.io/tools/hydraulic/calc-4.html,1,0,0,1
clarity,564,,https://chenguangwu.github.io/tools/astronomy/observation-conditions.html,0,0,0,1
clarity,565,,https://chenguangwu.github.io/tools/it/js-escape.html,1,0,0,1
clarity,566,,https://chenguangwu.github.io/tools/hvac/duct-calculator.html,0,0,0,1
clarity,567,,https://chenguangwu.github.io/tools/sports/analysis-20.html,1,0,0,1
clarity,568,,https://chenguangwu.github.io/tools/floral/wedding-flowers.html,1,0,0,1
clarity,569,,https://chenguangwu.github.io/tools/metallurgy/power-6.html,1,0,0,1
clarity,570,,https://chenguangwu.github.io/tools/metalwork/calc-gear-2.html,0,0,0,2
clarity,572,,https://chenguangwu.github.io/tools/urology/calc-1.html,0,0,0,2
clarity,573,,https://chenguangwu.github.io/tools/data/chart-generator.html,1,0,0,1
clarity,574,,https://chenguangwu.github.io/tools/health/waist-hip-ratio.html,0,0,0,1
clarity,575,,https://chenguangwu.github.io/tools/psychology/sas-assessment.html,1,0,0,1
clarity,576,,https://chenguangwu.github.io/tools/it/keycode-info.html,1,0,0,1
clarity,580,,https://chenguangwu.github.io/tools/thermodynamics/heat-conduction.html,1,0,0,1
clarity,581,,https://chenguangwu.github.io/tools/shipping/convert-speed-1.html,1,0,0,1
clarity,582,,https://chenguangwu.github.io/tools/accounting/debt-service-coverage.html,1,0,0,1
clarity,583,,https://chenguangwu.github.io/tools/realestate/index.html,0,0,0,2
clarity,584,,https://chenguangwu.github.io/tools/fitness/circuit-timer.html,1,0,0,1
clarity,585,,https://chenguangwu.github.io/tools/ent/laryngeal-nerve.html,0,0,0,1
clarity,586,,https://chenguangwu.github.io/tools/music/web-tuner.html,2,0,0,1.5
clarity,587,,https://chenguangwu.github.io/tools/rubber/hardness-calc.html,0,0,0,1
clarity,588,,https://chenguangwu.github.io/tools/psychiatry/isi-insomnia.html,0,0,0,1
clarity,589,,https://chenguangwu.github.io/tools/agriculture/calc-4.html,2,0,0,1
clarity,590,,https://chenguangwu.github.io/,23,0,0,2.0714285714285716
clarity,591,,https://chenguangwu.github.io/tools/forestry/density-5.html,1,0,0,1
clarity,592,,https://chenguangwu.github.io/tools/language/grammar-checker.html,1,0,0,1
clarity,593,,https://chenguangwu.github.io/tools/it/phone-screen-sizes.html,1,0,0,1
clarity,595,,https://chenguangwu.github.io/tools/steel/steel-profile-weight.html,1,0,0,1
clarity,596,,https://chenguangwu.github.io/tools/rheumatology/basdai.html,1,0,0,1
clarity,597,,https://chenguangwu.github.io/tools/language/riyuwushiyintulianxi-dianjifayin.html,1,0,0,1
clarity,598,,https://chenguangwu.github.io/tools/fire-rescue/high-rise-fire.html,1,0,0,2
clarity,599,,https://chenguangwu.github.io/tools/design/particle-effect-generator.html,0,0,0,1
clarity,601,,https://chenguangwu.github.io/tools/content/generator-33.html,2,0,0,1
clarity,602,,https://chenguangwu.github.io/tools/it/number-base-converter.html,1,0,0,1
clarity,603,,https://chenguangwu.github.io/tools/medical/stats-4.html,1,0,0,1
clarity,605,,https://chenguangwu.github.io/tools/it/uuid-v4-generator.html,1,0,0,1
clarity,607,,https://chenguangwu.github.io/tools/agriculture/estimate-fuel-engine-oil.html,1,0,0,1
clarity,608,,https://chenguangwu.github.io/tools/general/lizishujianshejisuan.html,1,0,0,1
clarity,610,,https://chenguangwu.github.io/tools/reproductive-medicine/calc-volume-concentration.html,0,0,0,2
clarity,612,,https://chenguangwu.github.io/tools/eco/eco-5.html,1,0,0,1
clarity,613,,https://chenguangwu.github.io/tools/yi/yi-divination.html,1,0,0,1
clarity,614,,https://chenguangwu.github.io/tools/it/csv-to-json.html,1,0,0,2
clarity,615,,https://chenguangwu.github.io/tools/admin/checker-manager-training-hr.html,1,0,0,1
clarity,616,,https://chenguangwu.github.io/tools/it/caa-record-generator.html,1,0,0,1
clarity,617,,https://chenguangwu.github.io/tools/it/phone-parser.html,1,0,0,1
clarity,618,,https://chenguangwu.github.io/tools/safety/stats-report-frequency.html,1,0,0,1
clarity,619,,https://chenguangwu.github.io/tools/math/calculus-tools.html,1,0,0,1
clarity,620,,https://chenguangwu.github.io/tools/ballistics/rifling-twist.html,1,0,0,1
clarity,621,,https://chenguangwu.github.io/tools/science/logic-gate-simulator.html,1,0,0,1
clarity,623,,https://chenguangwu.github.io/tools/medical2/drug-expiry.html,1,0,0,1
clarity,625,,https://chenguangwu.github.io/tools/agriculture/calc-8.html,1,0,0,1
clarity,629,,https://chenguangwu.github.io/tools/finance/simple-interest.html,1,0,0,1
clarity,630,,https://chenguangwu.github.io/tools/health/bmi-calculator.html,0,0,0,1
clarity,631,,https://chenguangwu.github.io/tools/urology/rater-4.html,0,0,0,4
clarity,632,,https://chenguangwu.github.io/tools/music/audio-converter.html,1,0,0,1
clarity,633,,https://chenguangwu.github.io/tools/sports/training-load.html,1,0,0,1
clarity,634,,https://chenguangwu.github.io/tools/it/vector-cross-product.html,0,0,0,1
clarity,636,,https://chenguangwu.github.io/tools/data/index.html,0,0,0,1
clarity,637,,https://chenguangwu.github.io/tools/food-processing/index.html,1,0,0,2
clarity,638,,https://chenguangwu.github.io/tools/express/index.html,1,0,0,1
clarity,639,,https://chenguangwu.github.io/tools/design/image-rounded-corners.html,2,0,0,1
clarity,640,,https://chenguangwu.github.io/tools/data/data-cleaner.html,1,0,0,1
clarity,641,,https://chenguangwu.github.io/tools/clinical-nursing/cycle-7.html,1,0,0,1
clarity,642,,https://chenguangwu.github.io/tools/astronomy/atmospheric-refraction.html,1,0,0,2
clarity,643,,https://chenguangwu.github.io/tools/biz/text-prefix-suffix.html,2,0,0,1
clarity,644,,https://chenguangwu.github.io/tools/urology/stone-composition.html,0,0,0,2
clarity,645,,https://chenguangwu.github.io/tools/astronomy/moon-illumination.html,1,0,0,1
clarity,646,,https://chenguangwu.github.io/tools/ophthalmology/meibomian-grading.html,1,0,0,1
clarity,647,,https://chenguangwu.github.io/tools/biz/text-extract-numbers.html,1,0,0,2
clarity,648,,https://chenguangwu.github.io/tools/home/index.html,1,0,0,1
clarity,649,,https://chenguangwu.github.io/tools/it/base64-file.html,1,0,0,1
clarity,650,,https://chenguangwu.github.io/tools/cardiology/rater-risk-3.html,1,0,0,1
clarity,651,,https://chenguangwu.github.io/tools/cosmetic-derm/visia-spots.html,0,0,0,1
clarity,653,,https://chenguangwu.github.io/tools/finance/pan-validator.html,1,0,0,1
clarity,655,,https://chenguangwu.github.io/tools/general/jiguangrongfuhoudujisuan.html,1,0,0,1
clarity,657,,https://chenguangwu.github.io/tools/cable/analysis-cost-price-5.html,1,0,0,1
clarity,658,,https://chenguangwu.github.io/tools/pharmacy/index.html,1,0,0,1
clarity,659,,https://chenguangwu.github.io/tools/agriculture/fertilizer-calculator.html,0,0,0,1
clarity,660,,https://chenguangwu.github.io/tools/neurology/assessor-11.html,1,0,0,1
clarity,661,,https://chenguangwu.github.io/tools/decor/wallpaper-quantity.html,0,0,0,1
clarity,662,,https://chenguangwu.github.io/tools/it/safelink-decoder.html,0,0,0,1
clarity,663,,https://chenguangwu.github.io/tools/it/index.html,2,0,0,1.6666666666666667
clarity,665,,https://chenguangwu.github.io/tools/gardening2/index.html,0,0,0,2
clarity,666,,https://chenguangwu.github.io/tools/timber/detector-37.html,0,0,0,1
clarity,668,,https://chenguangwu.github.io/tools/banking/fisher-real-rate.html,1,0,0,2
clarity,669,,https://chenguangwu.github.io/tools/health/dumbbell-weight-calculator.html,1,0,0,1
clarity,670,,https://chenguangwu.github.io/tools/chinese-cook/ingredient-substitute.html,0,0,0,1
clarity,671,,https://chenguangwu.github.io/tools/it/vigenere-visualizer.html,0,0,0,1
clarity,672,,https://chenguangwu.github.io/tools/clinical-nursing/index.html,1,0,0,1
clarity,673,,https://chenguangwu.github.io/tools/signal/first-order-rise.html,1,0,0,1
clarity,675,,https://chenguangwu.github.io/tools/edu/number-memory.html,1,0,0,1
clarity,676,,https://chenguangwu.github.io/tools/tcm-pharmacy/formula-song.html,1,0,0,1
clarity,677,,https://chenguangwu.github.io/tools/energy/fridge-power-estimator.html,0,0,0,1
clarity,678,,https://chenguangwu.github.io/tools/finance/ird-validator.html,1,0,0,1
clarity,680,,https://chenguangwu.github.io/tools/aerospace/index.html,1,0,0,1
clarity,681,,https://chenguangwu.github.io/tools/jewelry/index.html,0,0,0,2
clarity,682,,https://chenguangwu.github.io/tools/finance/dns-record-info.html,1,0,0,1
clarity,684,,https://chenguangwu.github.io/guides/jwt-debugger-guide.html,1,0,0,1
clarity,685,,https://chenguangwu.github.io/tools/petrochem/pipe-pressure.html,1,0,0,1
clarity,686,,https://chenguangwu.github.io/tools/optical/aca-ratio.html,1,0,0,1
clarity,687,,https://chenguangwu.github.io/tools/agriculture/dli-calculator.html,0,0,0,1
clarity,688,,https://chenguangwu.github.io/tools/it/toml-to-yaml.html,1,0,0,1
clarity,689,,https://chenguangwu.github.io/tools/reproductive-medicine/rater-30.html,0,0,0,1
clarity,690,,https://chenguangwu.github.io/tools/health/blood-sugar-converter.html,0,0,0,1
clarity,691,,https://chenguangwu.github.io/tools/finance/rental-yield-calculator.html,1,0,0,1
clarity,693,,https://chenguangwu.github.io/tools/ballistics/wind-drift.html,0,0,0,1
clarity,694,,https://chenguangwu.github.io/tools/biz/text-remove-duplicates-lines.html,1,0,0,1
clarity,696,,https://chenguangwu.github.io/tools/quantum/fermi-energy-3d.html,1,0,0,1
clarity,697,,https://chenguangwu.github.io/tools/design/index.html,0,0,0,1.5
clarity,698,,https://chenguangwu.github.io/tools/life/length-converter.html,1,0,0,1
clarity,699,,https://chenguangwu.github.io/tools/neurology/index.html,1,0,0,1
clarity,700,,https://chenguangwu.github.io/tools/chemistry/index.html,0,0,0,2
clarity,702,,https://chenguangwu.github.io/tools/healthcare/bmi-2.html,0,0,0,1
clarity,703,,https://chenguangwu.github.io/tools/quality/estimate-six-sigma.html,1,0,0,1
clarity,704,,https://chenguangwu.github.io/tools/optical/blue-light-filter.html,1,0,0,1
clarity,705,,https://chenguangwu.github.io/tools/rehabilitation/index.html,1,0,0,1
clarity,706,,https://chenguangwu.github.io/tools/geology/index.html,0,0,0,1
clarity,707,,https://chenguangwu.github.io/tools/pneumatic/calc-flow-1.html,1,0,0,1
clarity,709,,https://chenguangwu.github.io/tools/nuclear/effective-halflife.html,1,0,0,2
clarity,710,,https://chenguangwu.github.io/tools/machinery/tolerance-1.html,1,0,0,1
clarity,711,,https://chenguangwu.github.io/tools/it/json-formatter.html,1,0,0,1.5
clarity,714,,https://chenguangwu.github.io/tools/plastic/blow-molding.html,1,0,0,1
clarity,715,,https://chenguangwu.github.io/tools/marketing/marketing-cac-calculator.html,1,0,0,1
clarity,716,,https://chenguangwu.github.io/tools/casting/detector-24.html,0,0,0,2
clarity,717,,https://chenguangwu.github.io/tools/reproductive-medicine/baifenbijisuanqi.html,0,0,0,2
clarity,718,,https://chenguangwu.github.io/tools/packaging/index.html,1,0,0,1
clarity,723,,https://chenguangwu.github.io/tools/math/herons-area.html,1,0,0,1
clarity,724,,https://chenguangwu.github.io/tools/science/pcb-trace-width.html,0,0,0,1
clarity,725,,https://chenguangwu.github.io/tools/automotive/cycle-belt.html,0,0,0,1
clarity,727,,https://chenguangwu.github.io/tools/ballistics/index.html,1,0,0,1
clarity,728,,https://chenguangwu.github.io/tools/futures/option-payoff.html,1,0,0,1
clarity,730,,https://chenguangwu.github.io/tools/video/video-speed.html,1,0,0,1
clarity,731,,https://chenguangwu.github.io/tools/chemistry/empirical-formula.html,0,0,0,2
clarity,732,,https://chenguangwu.github.io/tools/it/base64.html,0,0,0,1
clarity,734,,https://chenguangwu.github.io/tools/bridge/deflection-calc.html,0,0,0,1
clarity,735,,https://chenguangwu.github.io/tools/health/bmr-calculator.html,0,0,0,1
clarity,736,,https://chenguangwu.github.io/tools/ophthalmology/visual-acuity-converter.html,0,0,0,1
clarity,738,,https://chenguangwu.github.io/tools/tax/capital-gains-tax.html,1,0,0,1
clarity,739,,https://chenguangwu.github.io/tools/health/index.html,0,0,0,6
clarity,740,,https://chenguangwu.github.io/tools/gis/index.html,1,0,0,1
clarity,742,,https://chenguangwu.github.io/tools/reproductive-medicine/index.html,0,0,0,45
clarity,743,,https://chenguangwu.github.io/tools/outdoor/index.html,1,0,0,1
clarity,746,,https://chenguangwu.github.io/tools/biz/zalgo-text.html,1,0,0,1
clarity,747,,https://chenguangwu.github.io/tools/geometry/midpoint-2d.html,1,0,0,1
clarity,748,,https://chenguangwu.github.io/tools/photo/photo-10.html,1,0,0,1
clarity,750,,https://chenguangwu.github.io/tools/design/image-dpi-converter.html,1,0,0,2
clarity,751,,https://chenguangwu.github.io/tools/woodworking/angle-cut.html,1,0,0,1
clarity,752,,https://chenguangwu.github.io/tools/acupuncture/meridian-pathway.html,1,0,0,1
clarity,753,,https://chenguangwu.github.io/tools/food/cooking-converter.html,1,0,0,1
clarity,754,,https://chenguangwu.github.io/tools/ballistics/powder-burn-rate.html,0,0,0,1
clarity,756,,https://chenguangwu.github.io/tools/machinery/calc-weld.html,1,0,0,1
clarity,757,,https://chenguangwu.github.io/tools/reproductive-medicine/testicular-biopsy.html,0,0,0,2
clarity,758,,https://chenguangwu.github.io/tools/medical2/medical-abbrev.html,0,0,0,1
clarity,759,,https://chenguangwu.github.io/tools/it/stopwatch.html,1,0,0,1
clarity,760,,https://chenguangwu.github.io/tools/dyeing/temp-time-humidity-1.html,1,0,0,1
clarity,761,,https://chenguangwu.github.io/tools/ballistics/bullet-penetration.html,0,0,0,1
clarity,762,,https://chenguangwu.github.io/tools/obstetrics/labor-curve.html,1,0,0,1
clarity,763,,https://chenguangwu.github.io/tools/acoustics/intensity-level.html,1,0,0,1
clarity,764,,https://chenguangwu.github.io/tools/cardiology/cpet-analysis.html,1,0,0,1
clarity,765,,https://chenguangwu.github.io/tools/materials/hooke-strain.html,0,0,0,1
clarity,767,,https://chenguangwu.github.io/tools/biz/name-generator.html,1,0,0,1
clarity,768,,https://chenguangwu.github.io/tools/marketing/marketing-chinese-hashtag-generator.html,1,0,0,1
clarity,769,,https://chenguangwu.github.io/tools/reproductive-medicine/endometrial-receptivity.html,0,0,0,2
clarity,771,,https://chenguangwu.github.io/tools/general/wear-4.html,0,0,0,1
clarity,772,,https://chenguangwu.github.io/tools/misc/truth-table.html,1,0,0,1
clarity,773,,https://chenguangwu.github.io/tools/fun/dice-roller.html,1,0,0,1
clarity,774,,https://chenguangwu.github.io/tools/optics/resolving-power.html,1,0,0,1
clarity,775,,https://chenguangwu.github.io/guides/index.html,2,0,0,1
clarity,776,,https://chenguangwu.github.io/tools/it/rich-text-editor.html,0,0,0,1
clarity,778,,https://chenguangwu.github.io/tools/sports/ratio-18.html,1,0,0,1
clarity,779,,https://chenguangwu.github.io/tools/general/detector-protection-2.html,1,0,0,2
clarity,780,,https://chenguangwu.github.io/tools/it/token-generator.html,1,0,0,1
clarity,782,,https://chenguangwu.github.io/tools/realestate/calc-2.html,1,0,0,1
clarity,783,,https://chenguangwu.github.io/tools/steel/index.html,1,0,0,1
clarity,784,,https://chenguangwu.github.io/tools/fun/roulette-simulator.html,2,0,0,1
clarity,785,,https://chenguangwu.github.io/tools/securities/technical-indicator.html,1,0,0,1
clarity,787,,https://chenguangwu.github.io/tools/urology/residual-urine.html,0,0,0,2
clarity,788,,https://chenguangwu.github.io/tools/dynamics/banked-curve.html,1,0,0,1
clarity,789,,https://chenguangwu.github.io/tools/music/chord-progression.html,1,0,0,1
clarity,790,,https://chenguangwu.github.io/tools/agriculture/countdown-4.html,1,0,0,1
clarity,791,,https://chenguangwu.github.io/tools/reproductive-medicine/jingzidnasuipian-dfi-zhishu.html,0,0,0,4
clarity,793,,https://chenguangwu.github.io/tools/reproductive-medicine/sperm-morphology.html,1,0,0,1
clarity,794,,https://chenguangwu.github.io/tools/metalwork/index.html,1,0,0,1
clarity,795,,https://chenguangwu.github.io/tools/urology/index.html,0,0,0,34
clarity,796,,https://chenguangwu.github.io/tools/photo/ev.html,0,0,0,1
clarity,797,,https://chenguangwu.github.io/tools/reproductive-medicine/sperm-concentration.html,0,0,0,1
clarity,798,,https://chenguangwu.github.io/tools/cosmetic-derm/maokongcudafenji.html,1,0,0,2
clarity,799,,https://chenguangwu.github.io/tools/biz/markdown-quote.html,1,0,0,1
clarity,800,,https://chenguangwu.github.io/tools/reproductive-medicine/total-sperm-count.html,0,0,0,1
clarity,801,,https://chenguangwu.github.io/tools/encode/binary-to-ascii.html,1,0,0,1
clarity,802,,https://chenguangwu.github.io/tools/it/og-meta-tag-generator.html,1,0,0,1
clarity,803,,https://chenguangwu.github.io/tools/reproductive-medicine/rater-31.html,0,0,0,1
clarity,804,,https://chenguangwu.github.io/tools/ballistics/muzzle-energy.html,0,0,0,1
clarity,805,,https://chenguangwu.github.io/tools/general/index.html,0,0,0,2
clarity,807,,https://chenguangwu.github.io/tools/biz/text-merge.html,1,0,0,1
clarity,810,,https://chenguangwu.github.io/tools/kinematics/angular-accel.html,1,0,0,1
clarity,811,,https://chenguangwu.github.io/tools/dance/tester-4.html,1,0,0,1
clarity,812,,https://chenguangwu.github.io/tools/fire-rescue/calc-pressure-1.html,0,0,0,1
clarity,815,,https://chenguangwu.github.io/tools/urology/calc-volume.html,0,0,0,2
clarity,816,,https://chenguangwu.github.io/tools/it/time-format-converter.html,0,0,0,1
clarity,817,,https://chenguangwu.github.io/tools/acoustics/index.html,1,0,0,1
clarity,818,,https://chenguangwu.github.io/tools/healthcare/index.html,0,0,0,2
clarity,819,,https://chenguangwu.github.io/tools/psychology/phq9-assessment.html,1,0,0,1
clarity,820,,https://chenguangwu.github.io/tools/it/json-formatter.html?lang=en,0,0,0,1
clarity,822,,https://chenguangwu.github.io/tools/finance/npv-calculator.html,0,0,0,1
clarity,823,,https://chenguangwu.github.io/tools/it/html-nesting-checker.html,1,0,0,1
clarity,824,,https://chenguangwu.github.io/tools/edu/calc-2.html,1,0,0,1
clarity,825,,https://chenguangwu.github.io/tools/electrical/battery-bank.html,1,0,0,1
clarity,826,,https://chenguangwu.github.io/tools/image/generator-15.html,1,0,0,1
clarity,827,,https://chenguangwu.github.io/tools/jewelry/convert-31.html,1,0,0,1
clarity,828,,https://chenguangwu.github.io/tools/convenience/assessor-target.html,0,0,0,1
clarity,829,,https://chenguangwu.github.io/tools/general/stats-energy.html,2,0,0,1
clarity,830,,https://chenguangwu.github.io/tools/tax/progressive-income-tax.html,1,0,0,1
clarity,832,,https://chenguangwu.github.io/tools/cosmetic-derm/post-procedure-recovery.html,1,0,0,2
clarity,833,,https://chenguangwu.github.io/tools/chemistry/buffer-ph.html,1,0,0,1
clarity,835,,https://chenguangwu.github.io/tools/reproductive-medicine/reproductive-hormones.html,0,0,0,1
clarity,836,,https://chenguangwu.github.io/tools/it/bluetooth-version.html,1,0,0,1
clarity,837,,https://chenguangwu.github.io/tools/wedding/budget-planner.html,1,0,0,1
clarity,838,,https://chenguangwu.github.io/tools/food-processing/recipe-cost-calculator.html,1,0,0,1
clarity,839,,https://chenguangwu.github.io/tools/ceramics/kiln-firing.html,0,0,0,1
clarity,841,,https://chenguangwu.github.io/tools/chemistry/poh-to-ph.html,0,0,0,1
clarity,842,,https://chenguangwu.github.io/tools/realestate/shichang-bijiaofa-anlixiuzheng.html,1,0,0,1
clarity,844,,https://chenguangwu.github.io/tools/endocrinology/detector-metabolism.html,0,0,0,1
clarity,845,,https://chenguangwu.github.io/tools/hvac/index.html,1,0,0,1
clarity,847,,https://chenguangwu.github.io/tools/math/geometry-calculator.html,1,0,0,1
clarity,850,,https://chenguangwu.github.io/tools/urology/prostate-volume.html,0,0,0,1
clarity,851,,https://chenguangwu.github.io/tools/food-testing/salt-titration.html,0,0,0,1
clarity,852,,https://chenguangwu.github.io/tools/health/running-calories.html,1,0,0,1
clarity,853,,https://chenguangwu.github.io/tools/biz/text-shuffle.html,1,0,0,1
clarity,854,,https://chenguangwu.github.io/search.html?q=json,1,0,0,1.3333333333333333
clarity,855,,https://chenguangwu.github.io/tools/design/vh-vw.html,1,0,0,1
clarity,856,,https://chenguangwu.github.io/tools/dance/partner-distance.html,0,0,0,1
clarity,857,,https://chenguangwu.github.io/tools/it/rsa.html,1,0,0,1
clarity,858,,https://chenguangwu.github.io/tools/ai/ai-9.html,1,0,0,1
clarity,859,,https://chenguangwu.github.io/tools/it/svg-placeholder-generator.html,0,0,0,1
clarity,860,,https://chenguangwu.github.io/guides/cluster-dev.html,1,0,0,1
clarity,861,,https://chenguangwu.github.io/tools/dentistry/zirconia-aesthetics.html,0,0,0,1
clarity,862,,https://chenguangwu.github.io/tools/automotive/brake-pad-life.html,1,0,0,1
clarity,866,,https://chenguangwu.github.io/tools/insurance/index.html,0,0,0,1
clarity,867,,https://chenguangwu.github.io/tools/eco/index.html,0,0,0,1
clarity,868,,https://chenguangwu.github.io/tools/general/lifespan-23.html,1,0,0,1
clarity,869,,https://chenguangwu.github.io/tools/it/postgresql-cheatsheet.html,2,0,0,1
clarity,872,,https://chenguangwu.github.io/tools/eco/eco-16.html,1,0,0,1
clarity,873,,https://chenguangwu.github.io/tools/food-processing/tester-5.html,0,0,0,1
clarity,874,,https://chenguangwu.github.io/tools/finance/word-wrap.html,1,0,0,1
clarity,875,,https://chenguangwu.github.io/tools/ophthalmology/osdi-scale.html,1,0,0,1
clarity,877,,https://chenguangwu.github.io/tools/statistics/linear-regression.html,1,0,0,1
clarity,878,,https://chenguangwu.github.io/tools/automotive/pressure-fuel-oil.html,0,0,0,1
clarity,879,,https://chenguangwu.github.io/tools/chess/bridge-scoring.html,0,0,0,1
clarity,880,,https://chenguangwu.github.io/tools/seismology/assessor-31.html,1,0,0,1
clarity,882,,https://chenguangwu.github.io/tools/ai/attention-head-dim.html,2,0,0,1
clarity,883,,https://chenguangwu.github.io/tools/hematology/leukemia-classification.html,1,0,0,1
clarity,884,,https://chenguangwu.github.io/tools/clinical-lab/mic-breakpoint.html,3,0,0,1.6666666666666667
clarity,885,,https://chenguangwu.github.io/tools/seismology/generator-drill.html,1,0,0,1
clarity,887,,https://chenguangwu.github.io/tools/thermodynamics/adiabatic-tv.html,1,0,0,1
clarity,888,,https://chenguangwu.github.io/tools/urology/ipss-score.html,0,0,0,2
clarity,889,,https://chenguangwu.github.io/tools/it/url-params.html,1,0,0,1
clarity,890,,https://chenguangwu.github.io/tools/research/assessor-50.html,1,0,0,1
clarity,891,,https://chenguangwu.github.io/tools/optics/angular-magnification.html,1,0,0,1
clarity,892,,https://chenguangwu.github.io/tools/tax/reverse-charge.html,1,0,0,1
clarity,893,,https://chenguangwu.github.io/tools/it/qrcode.html,1,0,0,1
clarity,894,,https://chenguangwu.github.io/tools/meteorology/isa-temperature.html,1,0,0,1
clarity,895,,https://chenguangwu.github.io/tools/it/video-bitrate.html,1,0,0,1
clarity,896,,https://chenguangwu.github.io/tools/quality/process-capability.html,1,0,0,1
clarity,897,,https://chenguangwu.github.io/tools/it/keyword-density.html,1,0,0,1
clarity,898,,https://chenguangwu.github.io/tools/sports/hongxibao-xieyang-shiyingxing.html,2,0,0,1
clarity,899,,https://chenguangwu.github.io/search.html?q=json%E6%A0%BC%E5%BC%8F%E5%8C%96,0,0,0,2
clarity,902,,https://chenguangwu.github.io/tools/automotive/calc-1.html,1,0,0,1
clarity,903,,https://chenguangwu.github.io/tools/office/excel-formula-reference.html,1,0,0,1
clarity,904,,https://chenguangwu.github.io/tools/fire-rescue/calc-1.html,1,0,0,1
clarity,905,,https://chenguangwu.github.io/tools/construction/estimate-area-dosage.html,1,0,0,1
clarity,907,,https://chenguangwu.github.io/tools/energy/joule-heating.html,1,0,0,1
clarity,908,,https://chenguangwu.github.io/tools/reproductive-medicine/semen-volume.html,0,0,0,2
clarity,909,,https://chenguangwu.github.io/tools/blasting/delay-blasting.html,1,0,0,1
clarity,910,,https://chenguangwu.github.io/tools/building-material/index.html,1,0,0,1
clarity,911,,https://chenguangwu.github.io/tools/agriculture/continuous-cropping-index.html,1,0,0,2
clarity,912,,https://chenguangwu.github.io/tools/healthcare/weight-dosage.html,1,0,0,1
clarity,913,,https://chenguangwu.github.io/tools/surveying/index.html,1,0,0,1
clarity,914,,https://chenguangwu.github.io/tools/energy/air-purifier-area.html,1,0,0,1
clarity,918,,https://chenguangwu.github.io/tools/it/mac-generator.html,1,0,0,1
clarity,919,,https://chenguangwu.github.io/tools/fire-rescue/detector-11.html,1,0,0,1
clarity,920,,https://chenguangwu.github.io/tools/pulmonology/niv-settings.html,1,0,0,1
clarity,921,,https://chenguangwu.github.io/tools/nephrology/egfr.html,1,0,0,1
clarity,922,,https://chenguangwu.github.io/tools/urology/psa-density.html,0,0,0,2
clarity,923,,https://chenguangwu.github.io/tools/admin/detector-time.html,1,0,0,1
clarity,924,,https://chenguangwu.github.io/tools/gardening/pot-capacity.html,0,0,0,1
clarity,925,,https://chenguangwu.github.io/tools/agriculture/estimate-area-density.html,1,0,0,1
clarity,926,,https://chenguangwu.github.io/tools/astronomy/convert-15.html,1,0,0,1
clarity,927,,https://chenguangwu.github.io/tools/neurology/ilae-seizure.html,0,0,0,1
clarity,929,,https://chenguangwu.github.io/tools/optical/index.html,1,0,0,1
clarity,930,,https://chenguangwu.github.io/tools/math/log-base.html,1,0,0,1
clarity,931,,https://chenguangwu.github.io/tools/endocrinology/graves-trab.html,1,0,0,1
bing,2,site:https://chenguangwu.github.io,,4,1,0.25,1
bing,3,site:chenguangwu.github.io,,2,0,0.0,1
bing,4,site:https://chenguangwu.github.io,,4,0,0.0,1
bing,5,chenguangwu.github.io,,1,0,0.0,3
bing,6,chenguangwu/chenguangwu.github.io/tools/cleaning/index.html,,1,0,0.0,2
bing,7,site:chenguangwu.github.io,,1,0,0.0,1
bing,8,site:https://chenguangwu.github.io 二维码生成器,,1,0,0.0,1
bing,9,婴儿生长曲线绘制在线,,4,4,1.0,13
bing,10,书本阅读追踪,,1,1,1.0,5
bing,11,在线si单位查询,,1,1,1.0,6
bing,12,阶乘计算器,,11,0,0.0,8
bing,13,邀请码生成器,,6,0,0.0,8
bing,14,数学常用公式速查清单,,4,0,0.0,5
bing,15,图片转ascii字符画 github,,3,0,0.0,5
bing,16,样本量计算器,,2,0,0.0,7
bing,17,iccid在线验证器,,2,0,0.0,5
bing,18,字幕偏移工具,,2,0,0.0,8
bing,19,pharmacode在线,,2,0,0.0,9
bing,20,中位数计算器,,2,0,0.0,3
bing,21,sql语法速查,,1,0,0.0,10
bing,22,在线矩阵计算,,1,0,0.0,8
bing,23,波利比乌斯方阵解码,,1,0,0.0,10
bing,24,字幕时间轴调整在线,,1,0,0.0,9
bing,25,几何计算器 github,,1,0,0.0,4
bing,26,在线密码#N##N#临时密码#N##N#特殊密码#N##N#卡片#N##N#指纹#N##N#请输入密码#N##N#序号#N##N#密码id#N##N#密码#N##N#有效期#N##N#重复时段#N##N#状态#N##N#类型#N##N#限制#N##N#备注#N##N#添加时间#N##N#操作#N##N#1#N##N#22#N##N#11111112#N##N#批量密码#N##N#2026-08-08 09:35:01 ~ 2026-09-08 09:35:01#N##N#-#N##N#已生效#N##N#限时,,1,0,0.0,10
bing,27,在线盲文翻译器,,2,4,2.0,3
bing,28,iccid验证器,,1,2,2.0,4
bing,29,不同iso噪点对比,,2,1,0.5,2
bing,30,在线血型计算可输血和只能接受供血,,2,1,0.5,3
bing,31,生成体育运动计划表,,2,1,0.5,1
bing,32,在线输血血型计算,,1,1,1.0,7
bing,33,首都英文测验,,1,1,1.0,2
bing,34,纸张basis weight公制对应,,1,1,1.0,5
bing,35,风管阻力计算器,,1,1,1.0,6
bing,36,爆破振动安全允许距离计算公式,,1,1,1.0,5
bing,37,幸运色幸运数字软件,,1,1,1.0,4
bing,38,碑文模板软件,,1,1,1.0,3
bing,39,邀请码生成器,,1,1,1.0,2
bing,40,在线盲文翻译数字点位器,,1,1,1.0,4
bing,41,在线儿童儿生长曲线绘制,,1,1,1.0,3
bing,42,site:https://chenguangwu.github.io,,20,0,0.0,6
bing,43,身份证号随机生成规则,,9,0,0.0,8
bing,44,随机身份证,,7,0,0.0,8
bing,45,样本量计算器,,7,0,0.0,10
bing,46,彩票中奖概率计算器 - 组合数学,,4,0,0.0,2
bing,47,彩票概率首先是正确计算组合数。计算器能帮助理解概率规模，但不能保证中奖,,4,0,0.0,6
bing,48,自助生成身份证号码,,3,0,0.0,8
bing,49,风水罗盘在线,,3,0,0.0,10
bing,50,随机身份证号码规则,,3,0,0.0,6
bing,51,最小可捕肛长怎么计算,,3,0,0.0,2
bing,52,心肌桥怎么分级,,2,0,0.0,4
bing,53,睾丸体积计算公式,,2,0,0.0,6
bing,54,nato 字母表,,2,0,0.0,6
bing,55,拍的照片如何估算覆盖度软件,,2,0,0.0,10
bing,56,身份证随机生成规则,,2,0,0.0,9
bing,57,thi 热应激指数 计算,,2,0,0.0,7
bing,58,智能中奖概率计算器 - 组合数学,,2,0,0.0,5
bing,59,nato音标字母,,1,0,0.0,5
bing,60,阶乘计算器,,1,0,0.0,9
bing,61,随机身份证生成,,1,0,0.0,9
bing,62,水产 养殖 饲料 用量 计算 表 免费 下载,,1,0,0.0,6
bing,63,随机身份证号,,1,0,0.0,9
bing,64,最小可捕肛长,,1,0,0.0,8
bing,65,物理符号计算器,,1,0,0.0,10
bing,66,视频倍速计算,,1,0,0.0,2
bing,67,物理公式计算在线,,1,0,0.0,3
bing,68,线上获客成本 cpa 200-500元 2025 2026,,1,0,0.0,5
bing,69,视频总时长计算,,1,0,0.0,4
bing,70,csv曲线分析在线,,1,0,0.0,10
bing,71,iccid在线验证器,,1,0,0.0,4
bing,72,系统随机身份证,,1,0,0.0,7
bing,73,uacr计算,,1,0,0.0,10
bing,74,html 邀请码生成器,,1,0,0.0,1
bing,75,图片转ascii字符画,,1,0,0.0,10
bing,76,蜗杆效率计算在线,,1,0,0.0,5
bing,77,代码文本大字生成器,,1,0,0.0,3
bing,78,戈瑞转希沃特换算器（吸收剂量转当量剂量）,,1,0,0.0,6
bing,79,吾食咸冇咩可以代替,,1,0,0.0,1
bing,80,每日名言免费获取,,1,0,0.0,7
bing,81,奶牛 thi 热应激指数 计算,,1,0,0.0,4
bing,82,期权盈亏平衡图,,2,3,1.5,5
bing,83,伯努利方程推水位,,2,2,1.0,5
bing,84,edi 计算器 - edi,,2,2,1.0,1
bing,85,grace评分工具,,2,2,1.0,4
bing,86,site:https://chenguangwu.github.io,,40,1,0.025,6
bing,87,邀请码生成器,,4,1,0.25,2
bing,88,菌落总数随机生成,,2,1,0.5,2
bing,89,农药配比计算器,,2,1,0.5,2
bing,90,50irhd等于多少邵氏硬度,,2,1,0.5,3
bing,91,hill在线解码,,2,1,0.5,5
bing,92,睾丸体积计算公式,,1,1,1.0,8
bing,93,计算日照间距时的建筑的计算高度,,1,1,1.0,2
bing,94,饮料杀菌f值计算在线,,1,1,1.0,1
bing,95,灌溉定额计算ruanjian,,1,1,1.0,3
bing,96,lmp蠕变寿命计算,,1,1,1.0,6
bing,97,风管局部阻力系数查询,,1,1,1.0,9
bing,98,杀菌f值计算在线,,1,1,1.0,1
bing,99,马基公式p = 5.87 · ect · t^0.508 · z^0.492,,1,1,1.0,6
bing,100,视频加速计算器,,1,1,1.0,7
bing,101,棉染色多少温度,,1,1,1.0,9
bing,102,稀释有毒有害气体隧道通风计算,,1,1,1.0,6
bing,103,mckee公式，瓦楞纸箱最大抗压强度,,1,1,1.0,10
bing,104,彩票排列组合概率计算软件,,1,1,1.0,4
bing,105,销售提成计算器,,1,1,1.0,8
bing,106,身份证号随机生成规则,,9,0,0.0,8
bing,107,冠层覆盖率,,5,0,0.0,7
bing,108,iccid在线验证器,,3,0,0.0,2
bing,109,强密码检测器,,3,0,0.0,10
bing,110,俄罗斯100ω雷管起爆电流,,3,0,0.0,1
bing,111,肾功能计算器,,3,0,0.0,3
bing,112,月球南极昼极夜星历,,2,0,0.0,2
bing,113,日常柔韧拉伸的推荐锻炼频率,,2,0,0.0,6
bing,114,真空中磁感应强度与磁场强度换算,,2,0,0.0,4
bing,115,随机一个身份证,,2,0,0.0,6
bing,116,uuid在线生成,,2,0,0.0,6
bing,117,随机身份证,,1,0,0.0,10
bing,118,最小可捕肛长怎么计算,,1,0,0.0,2
bing,119,随机身份证号,,1,0,0.0,10
bing,120,uuid生成器,,1,0,0.0,5
bing,121,焦油量尼古丁,,1,0,0.0,2
bing,122,uacr计算器,,1,0,0.0,4
bing,123,kt/v计算器,,1,0,0.0,8
bing,124,csv分析,,1,0,0.0,10
bing,125,农药稀释计算器,,1,0,0.0,4
bing,126,串联起爆网路设计,,1,0,0.0,2
bing,127,布林带 标准差公式,,1,0,0.0,8
bing,128,胰岛素基础率计算器,,1,0,0.0,3
bing,129,温度湿度指数猪thi,,1,0,0.0,6
bing,130,元素周期表分子量,,1,0,0.0,9
bing,131,泳池游泳的划水效率是怎么计算的,,1,0,0.0,3
bing,132,笔画计数,,1,0,0.0,7
bing,133,50克染膏5比1调配,,1,0,0.0,4
bing,134,上车印张数,,1,0,0.0,1
bing,135,35 dbz回波面积,,1,0,0.0,9
bing,136,残虎双剑农药配比,,1,0,0.0,1
bing,137,lottery+calculator->>(🄺🄴🅁🄰🄻🄰3.🄲🄾🄼)<<-ludo+army+apk+download+&+get+₹10->>(kerala3.com)<<-fstu.html,,1,0,0.0,5
bing,138,施肥配比计算,,1,0,0.0,6
bing,139,北京仲裁委仲裁费计算器,,1,0,0.0,10
bing,140,lottery+calculator->>🅺🅴🆁🅰🅻🅰3.🅲🅾🅼<<-world's+biggest+free+online+lottery+in+india->>(kerala3.com)<<-4oup.html,,1,0,0.0,7
bing,141,在线uuid生成器,,1,0,0.0,5
bing,142,视频加速后的时长怎么算,,1,0,0.0,3
bing,143,浴比,,1,0,0.0,6
bing,144,随机身份证号生成器,,1,0,0.0,7
bing,145,后坐力计算公式,,1,0,0.0,8
bing,146,番茄种植密度计算公式,,1,0,0.0,9
bing,147,最大尿流率26不正常嘛,,1,0,0.0,5
bing,148,劳动仲裁计算器,,1,0,0.0,9
bing,149,sara评分等级,,1,0,0.0,7
bing,150,水刀切个大理石水压如何设定,,1,0,0.0,7
bing,151,睾丸体积测量,,1,0,0.0,9
bing,152,c#速查,,1,0,0.0,4
bing,153,自定义验证码生成器,,1,0,0.0,4
bing,154,纯度k怎么换算,,1,0,0.0,3
bing,155,ftnd是什么缩写？为什么在戒烟里面,,1,0,0.0,8
bing,156,平板计数法（gb 4789.2）,,1,0,0.0,7
bing,157,bic计算器,,1,0,0.0,1
bing,158,,https://chenguangwu.github.io/,6,1,0.16666666666666666,1
bing,159,,https://chenguangwu.github.io/,8,0,0.0,1
bing,160,,https://chenguangwu.github.io/tools/parenting/growth-chart.html,4,4,1.0,13
bing,162,,https://chenguangwu.github.io/tools/science/si-unit-converter.html,1,1,1.0,6
bing,163,,https://chenguangwu.github.io/tools/science/factorial-calculator.html,11,0,0.0,8
bing,164,,https://chenguangwu.github.io/tools/science/sample-size-calculator.html,7,0,0.0,7
bing,165,,https://chenguangwu.github.io/tools/it/invite-code-generator.html,6,0,0.0,8
bing,166,,https://chenguangwu.github.io/tools/math/formula-calculator.html,4,0,0.0,5
bing,167,,https://chenguangwu.github.io/tools/science/median-calculator.html,3,0,0.0,4
bing,168,,https://chenguangwu.github.io/tools/video/subtitle-tool.html,3,0,0.0,8
bing,169,,https://chenguangwu.github.io/tools/finance/iccid-validator.html,2,0,0.0,5
bing,170,,https://chenguangwu.github.io/tools/science/barcode-pharmacode.html,2,0,0.0,9
bing,171,,https://chenguangwu.github.io/tools/it/polybius-cipher.html,1,0,0.0,10
bing,172,,https://chenguangwu.github.io/tools/it/sql-cheatsheet.html,1,0,0.0,10
bing,173,,https://chenguangwu.github.io/tools/design/image-to-ascii.html,1,0,0.0,6
bing,174,,https://chenguangwu.github.io/tools/it/password-generator.html,1,0,0.0,10
bing,175,,https://chenguangwu.github.io/tools/math/geometry-calculator.html,1,0,0.0,4
bing,176,,https://chenguangwu.github.io/tools/accessibility/braille-translator.html,3,5,1.6666666666666667,3
bing,177,,https://chenguangwu.github.io/tools/parenting/growth-chart.html,4,2,0.5,4
bing,178,,https://chenguangwu.github.io/tools/health/blood-type-calculator.html,3,2,0.6666666666666666,4
bing,179,,https://chenguangwu.github.io/tools/finance/iccid-validator.html,2,2,1.0,4
bing,180,,https://chenguangwu.github.io/tools/it/invite-code-generator.html,2,1,0.5,2
bing,181,,https://chenguangwu.github.io/tools/sports/sports-schedule.html,2,1,0.5,1
bing,183,,https://chenguangwu.github.io/tools/design/iso-noise-reference.html,2,1,0.5,2
bing,184,,https://chenguangwu.github.io/tools/hvac/duct-calculator.html,1,1,1.0,6
bing,185,,https://chenguangwu.github.io/tools/blasting/blasting-safety-distance.html,1,1,1.0,5
bing,186,,https://chenguangwu.github.io/tools/funeral/grave-design.html,1,1,1.0,3
bing,187,,https://chenguangwu.github.io/tools/edu/capital-quiz.html,1,1,1.0,2
bing,188,,https://chenguangwu.github.io/tools/paper/basis-weight.html,1,1,1.0,5
bing,189,,https://chenguangwu.github.io/tools/it/id-card-generator.html,104,0,0.0,8
bing,190,,https://chenguangwu.github.io/tools/video/video-speed.html,25,0,0.0,7
bing,191,,https://chenguangwu.github.io/tools/finance/lottery-odds-calculator.html,14,0,0.0,5
bing,192,,https://chenguangwu.github.io/tools/science/sample-size-calculator.html,10,0,0.0,9
bing,193,,https://chenguangwu.github.io/tools/legal/arbitration-fee.html,6,0,0.0,6
bing,194,,https://chenguangwu.github.io/tools/fishery/mesh-size-guide.html,4,0,0.0,4
bing,195,,https://chenguangwu.github.io/tools/reproductive-medicine/testicular-volume.html,3,0,0.0,7
bing,196,,https://chenguangwu.github.io/tools/livestock/heat-stress-index.html,3,0,0.0,6
bing,197,,https://chenguangwu.github.io/tools/life/radiation-converter.html,3,0,0.0,9
bing,198,,https://chenguangwu.github.io/tools/fengshui/fengshui-calculator.html,3,0,0.0,10
bing,199,,https://chenguangwu.github.io/tools/agriculture/canopy-coverage.html,2,0,0.0,10
bing,200,,https://chenguangwu.github.io/tools/science/physics-calculator.html,2,0,0.0,6
bing,201,,https://chenguangwu.github.io/tools/nephrology/uacr.html,2,0,0.0,10
bing,202,,https://chenguangwu.github.io/tools/cardiology/myocardial-bridge.html,2,0,0.0,4
bing,203,,https://chenguangwu.github.io/tools/marketing/marketing-ltv-calculator.html,2,0,0.0,9
bing,204,,https://chenguangwu.github.io/tools/science/nato-phonetic.html,2,0,0.0,6
bing,205,,https://chenguangwu.github.io/tools/data/csv-analyzer.html,1,0,0.0,10
bing,206,,https://chenguangwu.github.io/tools/science/factorial-calculator.html,1,0,0.0,9
bing,207,,https://chenguangwu.github.io/tools/design/image-to-ascii.html,1,0,0.0,10
bing,208,,https://chenguangwu.github.io/tools/machinery/drive-2.html,1,0,0.0,5
bing,209,,https://chenguangwu.github.io/tools/food/calorie-calculator.html,1,0,0.0,4
bing,210,,https://chenguangwu.github.io/tools/chinese-cook/ingredient-substitute.html,1,0,0.0,1
bing,211,,https://chenguangwu.github.io/tools/it/ascii-art.html,1,0,0.0,3
bing,212,,https://chenguangwu.github.io/tools/it/playfair-cipher.html,1,0,0.0,6
bing,213,,https://chenguangwu.github.io/tools/fishery/feed-rate-calculator.html,1,0,0.0,6
