page,source,impressions,clicks,ctr,position,records
https://chenguangwu.github.io/tools/it/id-card-generator.html,bing,104,0,0.000000,8.00,1
https://chenguangwu.github.io/tools/video/video-speed.html,bing,25,0,0.000000,7.00,1
https://chenguangwu.github.io/,clarity,23,0,0.000000,2.07,1
https://chenguangwu.github.io/tools/science/sample-size-calculator.html,bing,17,0,0.000000,8.18,2
https://chenguangwu.github.io/,bing,14,1,0.071429,1.00,2
https://chenguangwu.github.io/tools/finance/lottery-odds-calculator.html,bing,14,0,0.000000,5.00,1
https://chenguangwu.github.io/tools/science/factorial-calculator.html,bing,12,0,0.000000,8.08,2
https://chenguangwu.github.io/tools/it/invite-code-generator.html,bing,8,1,0.125000,6.50,2
https://chenguangwu.github.io/tools/parenting/growth-chart.html,bing,8,6,0.750000,8.50,2
https://chenguangwu.github.io/tools/it/password-generator.html,clarity,7,0,0.000000,2.11,1
https://chenguangwu.github.io/index.html,clarity,6,0,0.000000,7.00,1
https://chenguangwu.github.io/tools/legal/arbitration-fee.html,bing,6,0,0.000000,6.00,1
https://chenguangwu.github.io/tools/finance/compound-interest.html,clarity,4,0,0.000000,1.00,1
https://chenguangwu.github.io/tools/finance/iccid-validator.html,bing,4,2,0.500000,4.50,2
https://chenguangwu.github.io/tools/fishery/mesh-size-guide.html,bing,4,0,0.000000,4.00,1
https://chenguangwu.github.io/tools/math/formula-calculator.html,bing,4,0,0.000000,5.00,1
https://chenguangwu.github.io/tools/accessibility/braille-translator.html,bing,3,5,1.666667,3.00,1
https://chenguangwu.github.io/tools/clinical-lab/mic-breakpoint.html,clarity,3,0,0.000000,1.67,1
https://chenguangwu.github.io/tools/fengshui/fengshui-calculator.html,bing,3,0,0.000000,10.00,1
https://chenguangwu.github.io/tools/health/blood-type-calculator.html,bing,3,2,0.666667,4.00,1
https://chenguangwu.github.io/tools/it/js-obfuscator.html,clarity,3,0,0.000000,1.00,1
https://chenguangwu.github.io/tools/life/radiation-converter.html,bing,3,0,0.000000,9.00,1
https://chenguangwu.github.io/tools/livestock/heat-stress-index.html,bing,3,0,0.000000,6.00,1
https://chenguangwu.github.io/tools/reproductive-medicine/testicular-volume.html,bing,3,0,0.000000,7.00,1
https://chenguangwu.github.io/tools/science/median-calculator.html,bing,3,0,0.000000,4.00,1
https://chenguangwu.github.io/tools/video/subtitle-tool.html,bing,3,0,0.000000,8.00,1
https://Electron,clarity,2,0,0.000000,3.00,1
https://chenguangwu.github.io/guides/index.html,clarity,2,0,0.000000,1.00,1
https://chenguangwu.github.io/tools/agriculture/calc-4.html,clarity,2,0,0.000000,1.00,1
https://chenguangwu.github.io/tools/agriculture/canopy-coverage.html,bing,2,0,0.000000,10.00,1
https://chenguangwu.github.io/tools/agriculture/estimate-yield-rate.html,clarity,2,0,0.000000,1.00,1
https://chenguangwu.github.io/tools/ai/ai-6.html,clarity,2,0,0.000000,1.00,1
https://chenguangwu.github.io/tools/ai/attention-head-dim.html,clarity,2,0,0.000000,1.00,1
https://chenguangwu.github.io/tools/biz/superscript-text.html,clarity,2,0,0.000000,1.00,1
https://chenguangwu.github.io/tools/biz/text-prefix-suffix.html,clarity,2,0,0.000000,1.00,1
https://chenguangwu.github.io/tools/cardiology/myocardial-bridge.html,bing,2,0,0.000000,4.00,1
https://chenguangwu.github.io/tools/content/generator-33.html,clarity,2,0,0.000000,1.00,1
https://chenguangwu.github.io/tools/design/color-picker.html,clarity,2,0,0.000000,1.00,1
https://chenguangwu.github.io/tools/design/image-rounded-corners.html,clarity,2,0,0.000000,1.00,1
https://chenguangwu.github.io/tools/design/image-to-ascii.html,bing,2,0,0.000000,8.00,2
https://chenguangwu.github.io/tools/design/iso-noise-reference.html,bing,2,1,0.500000,2.00,1
https://chenguangwu.github.io/tools/design/pixel-art-generator.html,clarity,2,0,0.000000,1.00,1
https://chenguangwu.github.io/tools/finance/lottery-odds-calculator.html,clarity,2,0,0.000000,1.33,1
https://chenguangwu.github.io/tools/finance/profit-margin-calculator.html,clarity,2,0,0.000000,1.00,1
https://chenguangwu.github.io/tools/fun/lucky.html,bing,2,1,0.500000,5.00,1
https://chenguangwu.github.io/tools/fun/roulette-simulator.html,clarity,2,0,0.000000,1.00,1
https://chenguangwu.github.io/tools/fun/word-scramble.html,clarity,2,0,0.000000,1.00,1
https://chenguangwu.github.io/tools/general/detector-concentration.html,clarity,2,0,0.000000,1.00,1
https://chenguangwu.github.io/tools/general/stats-energy.html,clarity,2,0,0.000000,1.00,1
https://chenguangwu.github.io/tools/health/dysphagia-food-guide.html,clarity,2,0,0.000000,1.00,1
https://chenguangwu.github.io/tools/health/one-rep-max.html,clarity,2,0,0.000000,1.00,1
https://chenguangwu.github.io/tools/it/index.html,clarity,2,0,0.000000,1.67,1
https://chenguangwu.github.io/tools/it/postgresql-cheatsheet.html,clarity,2,0,0.000000,1.00,1
https://chenguangwu.github.io/tools/legal/feisu-ipo-simu-binggou-yewu.html,clarity,2,0,0.000000,1.00,1
https://chenguangwu.github.io/tools/legal/statute-limitations.html,clarity,2,0,0.000000,1.00,1
https://chenguangwu.github.io/tools/life/density-converter.html,clarity,2,0,0.000000,1.00,1
https://chenguangwu.github.io/tools/life/volume-converter.html,clarity,2,0,0.000000,1.00,1
https://chenguangwu.github.io/tools/marketing/marketing-ltv-calculator.html,bing,2,0,0.000000,9.00,1
https://chenguangwu.github.io/tools/music/web-tuner.html,clarity,2,0,0.000000,1.50,1
https://chenguangwu.github.io/tools/nephrology/uacr.html,bing,2,0,0.000000,10.00,1
https://chenguangwu.github.io/tools/ophthalmology/corneal-curvature.html,clarity,2,0,0.000000,1.00,1
https://chenguangwu.github.io/tools/reproductive-medicine/testicular-volume.html,clarity,2,0,0.000000,3.67,1
https://chenguangwu.github.io/tools/science/barcode-pharmacode.html,bing,2,0,0.000000,9.00,1
https://chenguangwu.github.io/tools/science/nato-phonetic.html,bing,2,0,0.000000,6.00,1
https://chenguangwu.github.io/tools/science/phone-qr.html,clarity,2,0,0.000000,1.00,1
https://chenguangwu.github.io/tools/science/physics-calculator.html,bing,2,0,0.000000,6.00,1
https://chenguangwu.github.io/tools/science/wire-gauge-converter.html,clarity,2,0,0.000000,1.00,1
https://chenguangwu.github.io/tools/sports/baofali-zongtiao-lidingtiaoyuan.html,clarity,2,0,0.000000,1.00,1
https://chenguangwu.github.io/tools/sports/hongxibao-xieyang-shiyingxing.html,clarity,2,0,0.000000,1.00,1
https://chenguangwu.github.io/tools/sports/sports-schedule.html,bing,2,1,0.500000,1.00,1
https://chenguangwu.github.io/tools/statistics/mean-absolute-deviation.html,clarity,2,0,0.000000,1.00,1
https://chenguangwu.github.io/tools/statistics/sample-size-proportion.html,clarity,2,0,0.000000,1.00,1
https://chenguangwu.github.io/?lang=en-US,clarity,1,0,0.000000,1.00,1
https://chenguangwu.github.io/evernode/%E8%AF%BB%E6%87%82%E8%BF%99%E7%AF%87%E6%96%87%E7%AB%A0%EF%BC%8C%E4%BD%A0%E7%9A%84%E9%98%BF%E9%87%8C%E6%8A%80%E6%9C%AF%E9%9D%A2%E5%B0%B1%E5%8F%AF%E4%BB%A5%E8%BF%87%E5%85%B3%E4%BA%86%20%20Apache%20RocketMQ%20101.html,clarity,1,0,0.000000,1.00,1
https://chenguangwu.github.io/guides/cluster-dev.html,clarity,1,0,0.000000,1.00,1
https://chenguangwu.github.io/guides/gitignore-generator-guide.html,clarity,1,0,0.000000,1.00,1
https://chenguangwu.github.io/guides/jwt-debugger-guide.html,clarity,1,0,0.000000,1.00,1
https://chenguangwu.github.io/search.html,clarity,1,0,0.000000,3.00,1
https://chenguangwu.github.io/search.html?q=%E5%A4%8D%E5%88%A9,clarity,1,0,0.000000,2.00,1
https://chenguangwu.github.io/search.html?q=%E5%A4%8D%E5%88%A9%E5%A4%8D%E5%88%A9,clarity,1,0,0.000000,1.00,1
https://chenguangwu.github.io/search.html?q=abcdefg,clarity,1,0,0.000000,1.00,1
https://chenguangwu.github.io/search.html?q=json,clarity,1,0,0.000000,1.33,1
https://chenguangwu.github.io/tools/accounting/assessor-risk-11.html,clarity,1,0,0.000000,1.00,1
https://chenguangwu.github.io/tools/accounting/debt-service-coverage.html,clarity,1,0,0.000000,1.00,1
https://chenguangwu.github.io/tools/accounting/report-2.html,clarity,1,0,0.000000,1.00,1
https://chenguangwu.github.io/tools/acoustics/critical-distance.html,clarity,1,0,0.000000,1.00,1
https://chenguangwu.github.io/tools/acoustics/index.html,clarity,1,0,0.000000,1.00,1
https://chenguangwu.github.io/tools/acoustics/intensity-level.html,clarity,1,0,0.000000,1.00,1
https://chenguangwu.github.io/tools/acoustics/sound-intensity-level.html,clarity,1,0,0.000000,1.00,1
https://chenguangwu.github.io/tools/acupuncture/analysis-10.html,clarity,1,0,0.000000,1.00,1
https://chenguangwu.github.io/tools/acupuncture/index.html,clarity,1,0,0.000000,1.00,1
https://chenguangwu.github.io/tools/acupuncture/meridian-pathway.html,clarity,1,0,0.000000,1.00,1
https://chenguangwu.github.io/tools/acupuncture/moxibustion-count.html,clarity,1,0,0.000000,1.00,1
https://chenguangwu.github.io/tools/acupuncture/recommender-acupoint.html,clarity,1,0,0.000000,1.00,1
https://chenguangwu.github.io/tools/admin/checker-manager-training-hr.html,clarity,1,0,0.000000,1.00,1
https://chenguangwu.github.io/tools/admin/detector-time.html,clarity,1,0,0.000000,1.00,1
https://chenguangwu.github.io/tools/advertising/convert-27.html,clarity,1,0,0.000000,1.00,1
https://chenguangwu.github.io/tools/aerospace/index.html,clarity,1,0,0.000000,1.00,1
https://chenguangwu.github.io/tools/aerospace/rocket-delta-v.html,clarity,1,0,0.000000,1.00,1
https://chenguangwu.github.io/tools/agriculture/calc-13.html,clarity,1,0,0.000000,1.00,1
https://chenguangwu.github.io/tools/agriculture/calc-8.html,clarity,1,0,0.000000,1.00,1
https://chenguangwu.github.io/tools/agriculture/calculator-calc-ratio-1.html,clarity,1,0,0.000000,1.00,1
https://chenguangwu.github.io/tools/agriculture/continuous-cropping-index.html,clarity,1,0,0.000000,2.00,1
https://chenguangwu.github.io/tools/agriculture/countdown-4.html,clarity,1,0,0.000000,1.00,1
https://chenguangwu.github.io/tools/agriculture/dry-matter-conversion.html,clarity,1,0,0.000000,1.00,1
https://chenguangwu.github.io/tools/agriculture/estimate-area-density.html,clarity,1,0,0.000000,1.00,1
https://chenguangwu.github.io/tools/agriculture/estimate-fuel-engine-oil.html,clarity,1,0,0.000000,1.00,1
https://chenguangwu.github.io/tools/ai/ai-9.html,clarity,1,0,0.000000,1.00,1
https://chenguangwu.github.io/tools/ai/flops.html,clarity,1,0,0.000000,1.00,1
https://chenguangwu.github.io/tools/ai/roc-auc.html,clarity,1,0,0.000000,1.00,1
https://chenguangwu.github.io/tools/antiques/index.html,clarity,1,0,0.000000,1.00,1
https://chenguangwu.github.io/tools/astronomy/atmospheric-refraction.html,clarity,1,0,0.000000,2.00,1
https://chenguangwu.github.io/tools/astronomy/convert-15.html,clarity,1,0,0.000000,1.00,1
https://chenguangwu.github.io/tools/astronomy/humidity-calculator.html,clarity,1,0,0.000000,1.00,1
https://chenguangwu.github.io/tools/astronomy/moon-illumination.html,clarity,1,0,0.000000,1.00,1
https://chenguangwu.github.io/tools/audit/depreciation-compare.html,clarity,1,0,0.000000,1.00,1
https://chenguangwu.github.io/tools/auto-beauty/index.html,clarity,1,0,0.000000,1.00,1
https://chenguangwu.github.io/tools/automotive/brake-pad-life.html,clarity,1,0,0.000000,1.00,1
https://chenguangwu.github.io/tools/automotive/calc-1.html,clarity,1,0,0.000000,1.00,1
https://chenguangwu.github.io/tools/automotive/fuel-anomaly.html,clarity,1,0,0.000000,1.00,1
https://chenguangwu.github.io/tools/automotive/tire-wear.html,clarity,1,0,0.000000,1.00,1
https://chenguangwu.github.io/tools/ballistics/index.html,clarity,1,0,0.000000,1.00,1
https://chenguangwu.github.io/tools/ballistics/rifling-twist.html,clarity,1,0,0.000000,1.00,1
https://chenguangwu.github.io/tools/banking/fisher-real-rate.html,clarity,1,0,0.000000,2.00,1
https://chenguangwu.github.io/tools/banking/index.html,clarity,1,0,0.000000,1.00,1
https://chenguangwu.github.io/tools/beauty/analysis-detector-diagnosis.html,clarity,1,0,0.000000,1.00,1
https://chenguangwu.github.io/tools/beauty/assessor-risk-12.html,clarity,1,0,0.000000,1.00,1
https://chenguangwu.github.io/tools/beauty/calc-1.html,clarity,1,0,0.000000,1.00,1
https://chenguangwu.github.io/tools/biz/justify-text.html,clarity,1,0,0.000000,1.00,1
https://chenguangwu.github.io/tools/biz/markdown-quote.html,clarity,1,0,0.000000,1.00,1
https://chenguangwu.github.io/tools/biz/name-generator.html,clarity,1,0,0.000000,1.00,1
https://chenguangwu.github.io/tools/biz/text-extract-numbers.html,clarity,1,0,0.000000,2.00,1
https://chenguangwu.github.io/tools/biz/text-merge.html,clarity,1,0,0.000000,1.00,1
https://chenguangwu.github.io/tools/biz/text-remove-duplicates-lines.html,clarity,1,0,0.000000,1.00,1
https://chenguangwu.github.io/tools/biz/text-replace-advanced.html,clarity,1,0,0.000000,1.00,1
https://chenguangwu.github.io/tools/biz/text-shuffle.html,clarity,1,0,0.000000,1.00,1
https://chenguangwu.github.io/tools/biz/zalgo-text.html,clarity,1,0,0.000000,1.00,1
https://chenguangwu.github.io/tools/blasting/blasting-safety-distance.html,bing,1,1,1.000000,5.00,1
https://chenguangwu.github.io/tools/blasting/delay-blasting.html,clarity,1,0,0.000000,1.00,1
https://chenguangwu.github.io/tools/building-material/index.html,clarity,1,0,0.000000,1.00,1
https://chenguangwu.github.io/tools/cable/analysis-cost-price-5.html,clarity,1,0,0.000000,1.00,1
https://chenguangwu.github.io/tools/cable/cable-tray-sizing.html,clarity,1,0,0.000000,1.00,1
https://chenguangwu.github.io/tools/cardiology/cpet-analysis.html,clarity,1,0,0.000000,1.00,1
https://chenguangwu.github.io/tools/cardiology/grace-score.html,clarity,1,0,0.000000,1.00,1
https://chenguangwu.github.io/tools/cardiology/myocardial-bridge.html,clarity,1,0,0.000000,1.00,1
https://chenguangwu.github.io/tools/cardiology/rater-risk-3.html,clarity,1,0,0.000000,1.00,1
https://chenguangwu.github.io/tools/cardiology/statin-dose.html,clarity,1,0,0.000000,1.00,1
https://chenguangwu.github.io/tools/ceramics/glaze-ratio.html,clarity,1,0,0.000000,1.00,1
https://chenguangwu.github.io/tools/ceramics/index.html,clarity,1,0,0.000000,1.00,1
https://chenguangwu.github.io/tools/chemistry/buffer-ph.html,clarity,1,0,0.000000,1.00,1
https://chenguangwu.github.io/tools/chemistry/molality.html,clarity,1,0,0.000000,1.00,1
https://chenguangwu.github.io/tools/chinese-cook/cutting-sizes.html,clarity,1,0,0.000000,1.00,1
https://chenguangwu.github.io/tools/chinese-cook/ingredient-substitute.html,bing,1,0,0.000000,1.00,1
https://chenguangwu.github.io/tools/civil/cft-capacity.html,clarity,1,0,0.000000,1.00,1
https://chenguangwu.github.io/tools/civil/excavation-earth.html,clarity,1,0,0.000000,1.00,1
https://chenguangwu.github.io/tools/clinical-lab/flow-cytometry-ratio.html,clarity,1,0,0.000000,1.00,1
https://chenguangwu.github.io/tools/clinical-nursing/cycle-7.html,clarity,1,0,0.000000,1.00,1
https://chenguangwu.github.io/tools/clinical-nursing/index.html,clarity,1,0,0.000000,1.00,1
https://chenguangwu.github.io/tools/clinical-nursing/iv-drip-rate.html,clarity,1,0,0.000000,1.00,1
https://chenguangwu.github.io/tools/clinical-nursing/pain-nrs.html,clarity,1,0,0.000000,1.00,1
https://chenguangwu.github.io/tools/construction/estimate-area-dosage.html,clarity,1,0,0.000000,1.00,1
https://chenguangwu.github.io/tools/consulting/index.html,clarity,1,0,0.000000,1.00,1
https://chenguangwu.github.io/tools/content/generator-time-1.html,clarity,1,0,0.000000,1.00,1
https://chenguangwu.github.io/tools/cosmetic-derm/maokongcudafenji.html,clarity,1,0,0.000000,2.00,1
https://chenguangwu.github.io/tools/cosmetic-derm/post-procedure-recovery.html,clarity,1,0,0.000000,2.00,1
https://chenguangwu.github.io/tools/cosmetic-derm/thread-lift.html,clarity,1,0,0.000000,1.00,1
https://chenguangwu.github.io/tools/dance/assessor-csat-1.html,clarity,1,0,0.000000,1.00,1
https://chenguangwu.github.io/tools/dance/tester-4.html,clarity,1,0,0.000000,1.00,1
https://chenguangwu.github.io/tools/data/chart-generator.html,clarity,1,0,0.000000,1.00,1
https://chenguangwu.github.io/tools/data/csv-analyzer.html,bing,1,0,0.000000,10.00,1
https://chenguangwu.github.io/tools/data/data-cleaner.html,clarity,1,0,0.000000,1.00,1
https://chenguangwu.github.io/tools/data/generator-14.html,clarity,1,0,0.000000,1.00,1
https://chenguangwu.github.io/tools/data/random-6.html,clarity,1,0,0.000000,1.00,1
https://chenguangwu.github.io/tools/decor/skirting-length.html,clarity,1,0,0.000000,1.00,1
https://chenguangwu.github.io/tools/dermatology/index.html,clarity,1,0,0.000000,1.00,1
https://chenguangwu.github.io/tools/design/audio-recorder.html,clarity,1,0,0.000000,1.00,1
https://chenguangwu.github.io/tools/design/css-animation-generator.html,clarity,1,0,0.000000,1.00,1
https://chenguangwu.github.io/tools/design/generator-12.html,clarity,1,0,0.000000,1.00,1
https://chenguangwu.github.io/tools/design/generator-8.html,clarity,1,0,0.000000,1.00,1
https://chenguangwu.github.io/tools/design/image-dpi-converter.html,clarity,1,0,0.000000,2.00,1
https://chenguangwu.github.io/tools/design/isometric-grid.html,clarity,1,0,0.000000,2.00,1
https://chenguangwu.github.io/tools/design/rem-to-px.html,clarity,1,0,0.000000,1.00,1
https://chenguangwu.github.io/tools/design/vh-vw.html,clarity,1,0,0.000000,1.00,1
https://chenguangwu.github.io/tools/dyeing/temp-time-humidity-1.html,clarity,1,0,0.000000,1.00,1
https://chenguangwu.github.io/tools/dynamics/banked-curve.html,clarity,1,0,0.000000,1.00,1
https://chenguangwu.github.io/tools/eco/eco-16.html,clarity,1,0,0.000000,1.00,1
https://chenguangwu.github.io/tools/eco/eco-5.html,clarity,1,0,0.000000,1.00,1
https://chenguangwu.github.io/tools/eco/electricity-carbon.html,clarity,1,0,0.000000,2.00,1
https://chenguangwu.github.io/tools/eco/env-impact-score.html,clarity,1,0,0.000000,1.00,1
https://chenguangwu.github.io/tools/economics/inflation-rate.html,clarity,1,0,0.000000,1.00,1
https://chenguangwu.github.io/tools/edu/calc-2.html,clarity,1,0,0.000000,1.00,1
https://chenguangwu.github.io/tools/edu/calc-3.html,clarity,1,0,0.000000,1.00,1
https://chenguangwu.github.io/tools/edu/calc-4.html,clarity,1,0,0.000000,1.00,1
https://chenguangwu.github.io/tools/edu/capital-quiz.html,bing,1,1,1.000000,2.00,1
https://chenguangwu.github.io/tools/edu/capital-quiz.html,clarity,1,0,0.000000,1.00,1
https://chenguangwu.github.io/tools/edu/math-quiz.html,clarity,1,0,0.000000,1.00,1
https://chenguangwu.github.io/tools/edu/number-memory.html,clarity,1,0,0.000000,1.00,1
https://chenguangwu.github.io/tools/edu/pinyin-typing-practice.html,clarity,1,0,0.000000,1.00,1
https://chenguangwu.github.io/tools/edu2/study-progress.html,clarity,1,0,0.000000,1.00,1
https://chenguangwu.github.io/tools/elderly/index.html,clarity,1,0,0.000000,1.00,1
https://chenguangwu.github.io/tools/electrical/battery-bank.html,clarity,1,0,0.000000,1.00,1
https://chenguangwu.github.io/tools/electromagnetism/energy-inductor.html,clarity,1,0,0.000000,1.00,1
https://chenguangwu.github.io/tools/electromagnetism/magnetic-flux.html,clarity,1,0,0.000000,1.00,1
https://chenguangwu.github.io/tools/encode/binary-to-ascii.html,clarity,1,0,0.000000,1.00,1
https://chenguangwu.github.io/tools/encode/encode-5.html,clarity,1,0,0.000000,1.00,1
https://chenguangwu.github.io/tools/endocrinology/calc-1.html,clarity,1,0,0.000000,1.00,1
https://chenguangwu.github.io/tools/endocrinology/calcium-pth-axis.html,clarity,1,0,0.000000,1.00,1
https://chenguangwu.github.io/tools/endocrinology/graves-trab.html,clarity,1,0,0.000000,1.00,1
https://chenguangwu.github.io/tools/endocrinology/index.html,clarity,1,0,0.000000,1.00,1
https://chenguangwu.github.io/tools/endocrinology/mage-index.html,clarity,1,0,0.000000,2.00,1
https://chenguangwu.github.io/tools/endocrinology/short-stature-prediction.html,clarity,1,0,0.000000,1.00,1
https://chenguangwu.github.io/tools/energy/air-purifier-area.html,clarity,1,0,0.000000,1.00,1
https://chenguangwu.github.io/tools/energy/electrical-power.html,clarity,1,0,0.000000,1.00,1
https://chenguangwu.github.io/tools/energy/energy-efficiency.html,clarity,1,0,0.000000,1.00,1
https://chenguangwu.github.io/tools/energy/joule-heating.html,clarity,1,0,0.000000,1.00,1
https://chenguangwu.github.io/tools/energy/lcoe.html,clarity,1,0,0.000000,1.00,1
https://chenguangwu.github.io/tools/ent/adenoid-grading.html,clarity,1,0,0.000000,1.00,1
https://chenguangwu.github.io/tools/ent/index.html,clarity,1,0,0.000000,1.00,1
https://chenguangwu.github.io/tools/event/index.html,clarity,1,0,0.000000,1.00,1
https://chenguangwu.github.io/tools/exhibition/analysis-61.html,clarity,1,0,0.000000,1.00,1
https://chenguangwu.github.io/tools/exhibition/index.html,clarity,1,0,0.000000,1.00,1
https://chenguangwu.github.io/tools/express/index.html,clarity,1,0,0.000000,1.00,1
https://chenguangwu.github.io/tools/finance/credit-card-bin.html,clarity,1,0,0.000000,1.00,1
https://chenguangwu.github.io/tools/finance/credit-card-interest.html,clarity,1,0,0.000000,1.00,1
https://chenguangwu.github.io/tools/finance/dns-record-info.html,clarity,1,0,0.000000,1.00,1
https://chenguangwu.github.io/tools/finance/installment-real-rate.html,clarity,1,0,0.000000,1.00,1
https://chenguangwu.github.io/tools/finance/ird-validator.html,clarity,1,0,0.000000,1.00,1
https://chenguangwu.github.io/tools/finance/lease-payment-calculator.html,clarity,1,0,0.000000,1.00,1
https://chenguangwu.github.io/tools/finance/license-key-validator.html,clarity,1,0,0.000000,1.00,1
https://chenguangwu.github.io/tools/finance/pan-validator.html,clarity,1,0,0.000000,1.00,1
https://chenguangwu.github.io/tools/finance/rental-yield-calculator.html,clarity,1,0,0.000000,1.00,1
https://chenguangwu.github.io/tools/finance/simple-interest.html,clarity,1,0,0.000000,1.00,1
https://chenguangwu.github.io/tools/finance/tax-bracket.html,clarity,1,0,0.000000,1.00,1
https://chenguangwu.github.io/tools/finance/word-counter.html,clarity,1,0,0.000000,1.00,1
https://chenguangwu.github.io/tools/finance/word-wrap.html,clarity,1,0,0.000000,1.00,1
https://chenguangwu.github.io/tools/fire-rescue/calc-1.html,clarity,1,0,0.000000,1.00,1
https://chenguangwu.github.io/tools/fire-rescue/detector-11.html,clarity,1,0,0.000000,1.00,1
https://chenguangwu.github.io/tools/fire-rescue/high-rise-fire.html,clarity,1,0,0.000000,2.00,1
https://chenguangwu.github.io/tools/fire-rescue/index.html,clarity,1,0,0.000000,1.00,1
https://chenguangwu.github.io/tools/fishery/estimate-emission-wastewater.html,clarity,1,0,0.000000,1.00,1
https://chenguangwu.github.io/tools/fishery/feed-rate-calculator.html,bing,1,0,0.000000,6.00,1
https://chenguangwu.github.io/tools/fishery/harvest-size-price.html,clarity,1,0,0.000000,1.00,1
https://chenguangwu.github.io/tools/fishery/winter-heating.html,clarity,1,0,0.000000,1.00,1
https://chenguangwu.github.io/tools/fitness/calc-heart-rate.html,clarity,1,0,0.000000,1.00,1
https://chenguangwu.github.io/tools/fitness/circuit-timer.html,clarity,1,0,0.000000,1.00,1
https://chenguangwu.github.io/tools/fitness/rater-time.html,clarity,1,0,0.000000,1.00,1
https://chenguangwu.github.io/tools/floral/wedding-flowers.html,clarity,1,0,0.000000,1.00,1
https://chenguangwu.github.io/tools/fluid/terminal-velocity.html,clarity,1,0,0.000000,1.00,1
https://chenguangwu.github.io/tools/food-processing/index.html,clarity,1,0,0.000000,2.00,1
https://chenguangwu.github.io/tools/food-processing/recipe-cost-calculator.html,clarity,1,0,0.000000,1.00,1
https://chenguangwu.github.io/tools/food/calorie-calculator.html,bing,1,0,0.000000,4.00,1
https://chenguangwu.github.io/tools/food/cooking-converter.html,clarity,1,0,0.000000,1.00,1
https://chenguangwu.github.io/tools/forensic-medicine/drowning-diatom.html,clarity,1,0,0.000000,2.00,1
https://chenguangwu.github.io/tools/forensic-medicine/fall-injury.html,clarity,1,0,0.000000,1.00,1
https://chenguangwu.github.io/tools/forestry/area-18.html,clarity,1,0,0.000000,1.00,1
https://chenguangwu.github.io/tools/forestry/density-5.html,clarity,1,0,0.000000,1.00,1
https://chenguangwu.github.io/tools/forestry/shengwuduoyangxingshannon.html,clarity,1,0,0.000000,1.00,1
https://chenguangwu.github.io/tools/fun/bbq-portion.html,clarity,1,0,0.000000,2.00,1
https://chenguangwu.github.io/tools/fun/coin-flip.html,clarity,1,0,0.000000,2.00,1
https://chenguangwu.github.io/tools/fun/color-guess.html,clarity,1,0,0.000000,1.00,1
https://chenguangwu.github.io/tools/fun/color-memory.html,clarity,1,0,0.000000,1.00,1
https://chenguangwu.github.io/tools/fun/daily-quote.html,bing,1,0,0.000000,7.00,1
https://chenguangwu.github.io/tools/fun/dice-roller.html,clarity,1,0,0.000000,1.00,1
https://chenguangwu.github.io/tools/fun/keyboard-heatmap.html,clarity,1,0,0.000000,1.00,1
https://chenguangwu.github.io/tools/fun/pattern-memory.html,clarity,1,0,0.000000,1.00,1
https://chenguangwu.github.io/tools/funeral/grave-design.html,bing,1,1,1.000000,3.00,1
https://chenguangwu.github.io/tools/funeral/grave-design.html,clarity,1,0,0.000000,1.00,1
https://chenguangwu.github.io/tools/furniture/index.html,clarity,1,0,0.000000,1.00,1
https://chenguangwu.github.io/tools/futures/index.html,clarity,1,0,0.000000,1.00,1
https://chenguangwu.github.io/tools/futures/option-payoff.html,clarity,1,0,0.000000,1.00,1
https://chenguangwu.github.io/tools/gardening/plant-calendar.html,clarity,1,0,0.000000,1.00,1
https://chenguangwu.github.io/tools/gastroenterology/calc-1.html,clarity,1,0,0.000000,1.00,1
https://chenguangwu.github.io/tools/gastroenterology/detector-7.html,clarity,1,0,0.000000,2.00,1
https://chenguangwu.github.io/tools/gastroenterology/mayo-score.html,clarity,1,0,0.000000,1.00,1
https://chenguangwu.github.io/tools/general/bearing-1.html,clarity,1,0,0.000000,1.00,1
https://chenguangwu.github.io/tools/general/calc-203.html,clarity,1,0,0.000000,1.00,1
https://chenguangwu.github.io/tools/general/calc-94.html,clarity,1,0,0.000000,1.00,1
https://chenguangwu.github.io/tools/general/detector-composition.html,clarity,1,0,0.000000,2.00,1
https://chenguangwu.github.io/tools/general/detector-lifespan.html,clarity,1,0,0.000000,1.00,1
https://chenguangwu.github.io/tools/general/detector-protection-2.html,clarity,1,0,0.000000,2.00,1
https://chenguangwu.github.io/tools/general/detector-resistance.html,clarity,1,0,0.000000,1.00,1
https://chenguangwu.github.io/tools/general/distance-power-frequency.html,clarity,1,0,0.000000,1.00,1
https://chenguangwu.github.io/tools/general/jiguangrongfuhoudujisuan.html,clarity,1,0,0.000000,1.00,1
https://chenguangwu.github.io/tools/general/lifespan-23.html,clarity,1,0,0.000000,1.00,1
https://chenguangwu.github.io/tools/general/lizishujianshejisuan.html,clarity,1,0,0.000000,1.00,1
https://chenguangwu.github.io/tools/general/power-voltage.html,clarity,1,0,0.000000,1.00,1
https://chenguangwu.github.io/tools/general/pressure-flow-5.html,clarity,1,0,0.000000,1.00,1
https://chenguangwu.github.io/tools/general/torque-1.html,clarity,1,0,0.000000,1.00,1
https://chenguangwu.github.io/tools/general/voltage-9.html,clarity,1,0,0.000000,2.00,1
https://chenguangwu.github.io/tools/geology/analysis-32.html,clarity,1,0,0.000000,1.00,1
https://chenguangwu.github.io/tools/geology/huanjingdizhipingjia.html,clarity,1,0,0.000000,1.00,1
https://chenguangwu.github.io/tools/geometry/dot-product-2d.html,clarity,1,0,0.000000,1.00,1
https://chenguangwu.github.io/tools/geometry/midpoint-2d.html,clarity,1,0,0.000000,1.00,1
https://chenguangwu.github.io/tools/geometry/pyramid-volume.html,clarity,1,0,0.000000,1.00,1
https://chenguangwu.github.io/tools/gis/index.html,clarity,1,0,0.000000,1.00,1
https://chenguangwu.github.io/tools/health/calc-2.html,clarity,1,0,0.000000,1.00,1
https://chenguangwu.github.io/tools/health/dumbbell-weight-calculator.html,clarity,1,0,0.000000,1.00,1
https://chenguangwu.github.io/tools/health/premature-age-calculator.html,clarity,1,0,0.000000,1.00,1
https://chenguangwu.github.io/tools/health/running-calories.html,clarity,1,0,0.000000,1.00,1
https://chenguangwu.github.io/tools/healthcare/map.html,clarity,1,0,0.000000,1.00,1
https://chenguangwu.github.io/tools/healthcare/weight-dosage.html,clarity,1,0,0.000000,1.00,1
https://chenguangwu.github.io/tools/hematology/coagulation-factor.html,clarity,1,0,0.000000,1.00,1
https://chenguangwu.github.io/tools/hematology/leukemia-classification.html,clarity,1,0,0.000000,1.00,1
https://chenguangwu.github.io/tools/hematology/pnh-flow.html,clarity,1,0,0.000000,1.00,1
https://chenguangwu.github.io/tools/home/index.html,clarity,1,0,0.000000,1.00,1
https://chenguangwu.github.io/tools/hvac/duct-calculator.html,bing,1,1,1.000000,6.00,1
https://chenguangwu.github.io/tools/hvac/index.html,clarity,1,0,0.000000,1.00,1
https://chenguangwu.github.io/tools/hvac/pump-calculator.html,clarity,1,0,0.000000,1.00,1
https://chenguangwu.github.io/tools/hydraulic/calc-4.html,clarity,1,0,0.000000,1.00,1
https://chenguangwu.github.io/tools/hydraulic/orifice-discharge.html,clarity,1,0,0.000000,1.00,1
https://chenguangwu.github.io/tools/hydraulic/power-3.html,clarity,1,0,0.000000,1.00,1
https://chenguangwu.github.io/tools/hydraulic/pump-power.html,clarity,1,0,0.000000,1.00,1
https://chenguangwu.github.io/tools/image/generator-15.html,clarity,1,0,0.000000,1.00,1
https://chenguangwu.github.io/tools/it/api-sign-generator.html,clarity,1,0,0.000000,1.00,1
https://chenguangwu.github.io/tools/it/ascii-art.html,bing,1,0,0.000000,3.00,1
https://chenguangwu.github.io/tools/it/base64-file.html,clarity,1,0,0.000000,1.00,1
https://chenguangwu.github.io/tools/it/bcrypt.html,clarity,1,0,0.000000,2.00,1
https://chenguangwu.github.io/tools/it/bip39-generator.html,clarity,1,0,0.000000,1.00,1
https://chenguangwu.github.io/tools/it/bluetooth-version.html,clarity,1,0,0.000000,1.00,1
https://chenguangwu.github.io/tools/it/box-shadow-generator.html,clarity,1,0,0.000000,1.00,1
https://chenguangwu.github.io/tools/it/caa-record-generator.html,clarity,1,0,0.000000,1.00,1
https://chenguangwu.github.io/tools/it/calc-1.html,clarity,1,0,0.000000,1.00,1
https://chenguangwu.github.io/tools/it/calc-4.html,clarity,1,0,0.000000,1.00,1
https://chenguangwu.github.io/tools/it/case-converter.html,clarity,1,0,0.000000,1.00,1
https://chenguangwu.github.io/tools/it/chmod-calculator.html,clarity,1,0,0.000000,2.00,1
https://chenguangwu.github.io/tools/it/convert-10.html,clarity,1,0,0.000000,1.00,1
https://chenguangwu.github.io/tools/it/csv-to-json.html,clarity,1,0,0.000000,2.00,1
https://chenguangwu.github.io/tools/it/curl-parser.html,clarity,1,0,0.000000,1.00,1
https://chenguangwu.github.io/tools/it/gitignore-generator.html,clarity,1,0,0.000000,1.00,1
https://chenguangwu.github.io/tools/it/html-nesting-checker.html,clarity,1,0,0.000000,1.00,1
https://chenguangwu.github.io/tools/it/id-card-generator.html,clarity,1,0,0.000000,1.00,1
https://chenguangwu.github.io/tools/it/invite-code-generator.html,clarity,1,0,0.000000,1.00,1
https://chenguangwu.github.io/tools/it/js-escape.html,clarity,1,0,0.000000,1.00,1
https://chenguangwu.github.io/tools/it/json-formatter.html,clarity,1,0,0.000000,1.50,1
https://chenguangwu.github.io/tools/it/jwt-debugger.html,clarity,1,0,0.000000,1.00,1
https://chenguangwu.github.io/tools/it/keycode-info.html,clarity,1,0,0.000000,1.00,1
https://chenguangwu.github.io/tools/it/keyword-density.html,clarity,1,0,0.000000,1.00,1
https://chenguangwu.github.io/tools/it/mac-generator.html,clarity,1,0,0.000000,1.00,1
https://chenguangwu.github.io/tools/it/number-base-converter.html,clarity,1,0,0.000000,1.00,1
https://chenguangwu.github.io/tools/it/numeronym-generator.html,clarity,1,0,0.000000,1.00,1
https://chenguangwu.github.io/tools/it/og-meta-tag-generator.html,clarity,1,0,0.000000,1.00,1
https://chenguangwu.github.io/tools/it/otp-generator.html,clarity,1,0,0.000000,1.00,1
https://chenguangwu.github.io/tools/it/password-generator.html,bing,1,0,0.000000,10.00,1
https://chenguangwu.github.io/tools/it/pdf-signature-checker.html,clarity,1,0,0.000000,1.00,1
https://chenguangwu.github.io/tools/it/phone-parser.html,clarity,1,0,0.000000,1.00,1
https://chenguangwu.github.io/tools/it/phone-screen-sizes.html,clarity,1,0,0.000000,1.00,1
https://chenguangwu.github.io/tools/it/playfair-cipher.html,bing,1,0,0.000000,6.00,1
https://chenguangwu.github.io/tools/it/polybius-cipher.html,bing,1,0,0.000000,10.00,1
https://chenguangwu.github.io/tools/it/qrcode.html,clarity,1,0,0.000000,1.00,1
https://chenguangwu.github.io/tools/it/rsa.html,clarity,1,0,0.000000,1.00,1
https://chenguangwu.github.io/tools/it/sql-cheatsheet.html,bing,1,0,0.000000,10.00,1
https://chenguangwu.github.io/tools/it/stopwatch.html,clarity,1,0,0.000000,1.00,1
https://chenguangwu.github.io/tools/it/string-obfuscator.html,clarity,1,0,0.000000,1.00,1
https://chenguangwu.github.io/tools/it/text-dedupe-sort.html,clarity,1,0,0.000000,1.00,1
https://chenguangwu.github.io/tools/it/text-statistics.html,clarity,1,0,0.000000,1.00,1
https://chenguangwu.github.io/tools/it/text-steganography.html,clarity,1,0,0.000000,1.00,1
https://chenguangwu.github.io/tools/it/token-generator.html,clarity,1,0,0.000000,1.00,1
https://chenguangwu.github.io/tools/it/toml-to-json.html,clarity,1,0,0.000000,1.00,1
https://chenguangwu.github.io/tools/it/toml-to-xml.html,clarity,1,0,0.000000,1.00,1
https://chenguangwu.github.io/tools/it/toml-to-yaml.html,clarity,1,0,0.000000,1.00,1
https://chenguangwu.github.io/tools/it/typescript-compiler.html,clarity,1,0,0.000000,1.00,1
https://chenguangwu.github.io/tools/it/url-params.html,clarity,1,0,0.000000,1.00,1
https://chenguangwu.github.io/tools/it/uuid-generator.html,clarity,1,0,0.000000,1.00,1
https://chenguangwu.github.io/tools/it/uuid-v4-generator.html,clarity,1,0,0.000000,1.00,1
https://chenguangwu.github.io/tools/it/video-bitrate.html,clarity,1,0,0.000000,1.00,1
https://chenguangwu.github.io/tools/it/xxtea.html,clarity,1,0,0.000000,1.00,1
https://chenguangwu.github.io/tools/jewelry/convert-31.html,clarity,1,0,0.000000,1.00,1
https://chenguangwu.github.io/tools/kinematics/angular-accel.html,clarity,1,0,0.000000,1.00,1
https://chenguangwu.github.io/tools/kinematics/angular-final-velocity.html,clarity,1,0,0.000000,1.00,1
https://chenguangwu.github.io/tools/kinematics/height-fall-distance.html,clarity,1,0,0.000000,1.00,1
https://chenguangwu.github.io/tools/kinematics/relative-velocity-1d.html,clarity,1,0,0.000000,1.00,1
https://chenguangwu.github.io/tools/knowledge/index.html,clarity,1,0,0.000000,1.00,1
https://chenguangwu.github.io/tools/language/grammar-checker.html,clarity,1,0,0.000000,1.00,1
https://chenguangwu.github.io/tools/language/riyuwushiyintulianxi-dianjifayin.html,clarity,1,0,0.000000,1.00,1
https://chenguangwu.github.io/tools/language/spanish-accent-rules.html,clarity,1,0,0.000000,1.00,1
https://chenguangwu.github.io/tools/leather/area-20.html,clarity,1,0,0.000000,1.00,1
https://chenguangwu.github.io/tools/leather/index.html,clarity,1,0,0.000000,1.50,1
https://chenguangwu.github.io/tools/legal/calc-8.html,clarity,1,0,0.000000,1.00,1
https://chenguangwu.github.io/tools/legal/double-wage-no-contract.html,clarity,1,0,0.000000,1.00,1
https://chenguangwu.github.io/tools/legal/will-template-generator.html,clarity,1,0,0.000000,2.00,1
https://chenguangwu.github.io/tools/life/concentration-converter.html,clarity,1,0,0.000000,2.00,1
https://chenguangwu.github.io/tools/life/length-converter.html,clarity,1,0,0.000000,1.00,1
https://chenguangwu.github.io/tools/life/magnet-converter.html,clarity,1,0,0.000000,1.00,1
https://chenguangwu.github.io/tools/life/tip-calculator.html,clarity,1,0,0.000000,1.00,1
https://chenguangwu.github.io/tools/life/unit-converter.html,clarity,1,0,0.000000,1.00,1
https://chenguangwu.github.io/tools/literature/reading-tracker.html,bing,1,1,1.000000,5.00,1
https://chenguangwu.github.io/tools/livestock/feed-conversion-ratio.html,clarity,1,0,0.000000,1.00,1
https://chenguangwu.github.io/tools/machinery/calc-weld.html,clarity,1,0,0.000000,1.00,1
https://chenguangwu.github.io/tools/machinery/drive-2.html,bing,1,0,0.000000,5.00,1
https://chenguangwu.github.io/tools/machinery/tolerance-1.html,clarity,1,0,0.000000,1.00,1
https://chenguangwu.github.io/tools/manufacturing/quality-control.html,clarity,1,0,0.000000,1.00,1
https://chenguangwu.github.io/tools/maritime/anchorage-capacity.html,clarity,1,0,0.000000,1.00,1
https://chenguangwu.github.io/tools/marketing/marketing-cac-calculator.html,clarity,1,0,0.000000,1.00,1
https://chenguangwu.github.io/tools/marketing/marketing-chinese-hashtag-generator.html,clarity,1,0,0.000000,1.00,1
https://chenguangwu.github.io/tools/marketing/marketing-markup-margin.html,clarity,1,0,0.000000,1.00,1
https://chenguangwu.github.io/tools/marketing/tagline-generator.html,clarity,1,0,0.000000,1.00,1
https://chenguangwu.github.io/tools/martial-arts/assessor-hardness.html,clarity,1,0,0.000000,1.00,1
https://chenguangwu.github.io/tools/materials/brinell-hardness.html,clarity,1,0,0.000000,2.00,1
https://chenguangwu.github.io/tools/materials/bulk-modulus.html,clarity,1,0,0.000000,1.00,1
https://chenguangwu.github.io/tools/materials/index.html,clarity,1,0,0.000000,1.50,1
https://chenguangwu.github.io/tools/math/calculus-tools.html,clarity,1,0,0.000000,1.00,1
https://chenguangwu.github.io/tools/math/circular-permutation.html,clarity,1,0,0.000000,1.00,1
https://chenguangwu.github.io/tools/math/factorial-calc.html,clarity,1,0,0.000000,1.00,1
https://chenguangwu.github.io/tools/math/gcd-lcm.html,clarity,1,0,0.000000,1.00,1
https://chenguangwu.github.io/tools/math/geometry-calculator.html,bing,1,0,0.000000,4.00,1
https://chenguangwu.github.io/tools/math/geometry-calculator.html,clarity,1,0,0.000000,1.00,1
https://chenguangwu.github.io/tools/math/herons-area.html,clarity,1,0,0.000000,1.00,1
https://chenguangwu.github.io/tools/math/log-base.html,clarity,1,0,0.000000,1.00,1
https://chenguangwu.github.io/tools/math/multinomial-coefficient.html,clarity,1,0,0.000000,1.00,1
https://chenguangwu.github.io/tools/mechanical/bearing-life.html,clarity,1,0,0.000000,1.00,1
https://chenguangwu.github.io/tools/mechanical/gear-ratio.html,clarity,1,0,0.000000,1.00,1
https://chenguangwu.github.io/tools/medical/stats-4.html,clarity,1,0,0.000000,1.00,1
https://chenguangwu.github.io/tools/medical2/drug-expiry.html,clarity,1,0,0.000000,1.00,1
https://chenguangwu.github.io/tools/metallurgy/calc-88.html,clarity,1,0,0.000000,1.00,1
https://chenguangwu.github.io/tools/metallurgy/power-6.html,clarity,1,0,0.000000,1.00,1
https://chenguangwu.github.io/tools/metallurgy/solidification-time.html,clarity,1,0,0.000000,1.00,1
https://chenguangwu.github.io/tools/metalwork/index.html,clarity,1,0,0.000000,1.00,1
https://chenguangwu.github.io/tools/metalwork/pressure-casting.html,clarity,1,0,0.000000,1.00,1
https://chenguangwu.github.io/tools/metalwork/zhineng-duogongnengyunaiyongduibijisuanqi.html,clarity,1,0,0.000000,1.00,1
https://chenguangwu.github.io/tools/meteorology/index.html,clarity,1,0,0.000000,1.00,1
https://chenguangwu.github.io/tools/meteorology/isa-temperature.html,clarity,1,0,0.000000,1.00,1
https://chenguangwu.github.io/tools/meteorology/protection-3.html,clarity,1,0,0.000000,1.00,1
https://chenguangwu.github.io/tools/meteorology/qiyaxitongyidonglujing.html,clarity,1,0,0.000000,1.00,1
https://chenguangwu.github.io/tools/meteorology/temp-pressure.html,clarity,1,0,0.000000,1.00,1
https://chenguangwu.github.io/tools/meteorology/wet-bulb-temperature.html,clarity,1,0,0.000000,1.00,1
https://chenguangwu.github.io/tools/metrology/expanded-uncertainty.html,clarity,1,0,0.000000,1.00,1
https://chenguangwu.github.io/tools/mining/estimate-reserve.html,clarity,1,0,0.000000,1.00,1
https://chenguangwu.github.io/tools/mining/mineral-density.html,clarity,1,0,0.000000,1.00,1
https://chenguangwu.github.io/tools/mining/ore-grade.html,clarity,1,0,0.000000,1.00,1
https://chenguangwu.github.io/tools/misc/physics-constants.html,clarity,1,0,0.000000,1.00,1
https://chenguangwu.github.io/tools/misc/scientific-notation.html,clarity,1,0,0.000000,1.00,1
https://chenguangwu.github.io/tools/misc/truth-table.html,clarity,1,0,0.000000,1.00,1
https://chenguangwu.github.io/tools/music/audio-converter.html,clarity,1,0,0.000000,1.00,1
https://chenguangwu.github.io/tools/music/chord-progression.html,clarity,1,0,0.000000,1.00,1
https://chenguangwu.github.io/tools/music/detector.html,clarity,1,0,0.000000,1.00,1
https://chenguangwu.github.io/tools/music/guitar-fretboard.html,clarity,1,0,0.000000,1.00,1
https://chenguangwu.github.io/tools/music/music-analysis.html,clarity,1,0,0.000000,2.00,1
https://chenguangwu.github.io/tools/music/music-theory.html,clarity,1,0,0.000000,1.00,1
https://chenguangwu.github.io/tools/music/sheet-music.html,clarity,1,0,0.000000,1.00,1
https://chenguangwu.github.io/tools/nephrology/egfr.html,clarity,1,0,0.000000,1.00,1
https://chenguangwu.github.io/tools/nephrology/peritoneal-equilibrium.html,clarity,1,0,0.000000,1.00,1
https://chenguangwu.github.io/tools/nephrology/shenxiaoqiulvguolv-24h-jiganqingchu-ccr.html,clarity,1,0,0.000000,1.00,1
https://chenguangwu.github.io/tools/network/analysis-66.html,clarity,1,0,0.000000,1.00,1
https://chenguangwu.github.io/tools/neurology/assessor-11.html,clarity,1,0,0.000000,1.00,1
https://chenguangwu.github.io/tools/neurology/calc-1.html,clarity,1,0,0.000000,1.00,1
https://chenguangwu.github.io/tools/neurology/index.html,clarity,1,0,0.000000,1.00,1
https://chenguangwu.github.io/tools/niche/convert-23.html,clarity,1,0,0.000000,1.00,1
https://chenguangwu.github.io/tools/niche/index.html,clarity,1,0,0.000000,1.00,1
https://chenguangwu.github.io/tools/nuclear/activity-decay.html,clarity,1,0,0.000000,1.00,1
https://chenguangwu.github.io/tools/nuclear/activity-from-halflife.html,clarity,1,0,0.000000,1.00,1
https://chenguangwu.github.io/tools/nuclear/effective-halflife.html,clarity,1,0,0.000000,2.00,1
https://chenguangwu.github.io/tools/nuclear/index.html,clarity,1,0,0.000000,1.00,1
https://chenguangwu.github.io/tools/nuclear/mass-defect.html,clarity,1,0,0.000000,1.00,1
https://chenguangwu.github.io/tools/obstetrics/labor-curve.html,clarity,1,0,0.000000,1.00,1
https://chenguangwu.github.io/tools/obstetrics/ovarian-reserve.html,clarity,1,0,0.000000,1.00,1
https://chenguangwu.github.io/tools/office/excel-formula-reference.html,clarity,1,0,0.000000,1.00,1
https://chenguangwu.github.io/tools/office/pdf-rotate.html,clarity,1,0,0.000000,2.00,1
https://chenguangwu.github.io/tools/ophthalmology/meibomian-grading.html,clarity,1,0,0.000000,1.00,1
https://chenguangwu.github.io/tools/ophthalmology/osdi-scale.html,clarity,1,0,0.000000,1.00,1
https://chenguangwu.github.io/tools/ophthalmology/visual-field-analysis.html,clarity,1,0,0.000000,1.00,1
https://chenguangwu.github.io/tools/optical/aca-ratio.html,clarity,1,0,0.000000,1.00,1
https://chenguangwu.github.io/tools/optical/blue-light-filter.html,clarity,1,0,0.000000,1.00,1
https://chenguangwu.github.io/tools/optical/index.html,clarity,1,0,0.000000,1.00,1
https://chenguangwu.github.io/tools/optics/angular-magnification.html,clarity,1,0,0.000000,1.00,1
https://chenguangwu.github.io/tools/optics/resolving-power.html,clarity,1,0,0.000000,1.00,1
https://chenguangwu.github.io/tools/outdoor/index.html,clarity,1,0,0.000000,1.00,1
https://chenguangwu.github.io/tools/packaging/index.html,clarity,1,0,0.000000,1.00,1
https://chenguangwu.github.io/tools/paper/basis-weight.html,bing,1,1,1.000000,5.00,1
https://chenguangwu.github.io/tools/paper/calc-concentration-1.html,clarity,1,0,0.000000,1.00,1
https://chenguangwu.github.io/tools/pediatrics/diarrhea-dehydration.html,clarity,1,0,0.000000,1.00,1
https://chenguangwu.github.io/tools/pediatrics/rater-27.html,clarity,1,0,0.000000,1.00,1
https://chenguangwu.github.io/tools/petrochem/pipe-pressure.html,clarity,1,0,0.000000,1.00,1
https://chenguangwu.github.io/tools/pharmacy/index.html,clarity,1,0,0.000000,1.00,1
https://chenguangwu.github.io/tools/photo/golden-hour.html,clarity,1,0,0.000000,1.00,1
https://chenguangwu.github.io/tools/photo/index.html,clarity,1,0,0.000000,1.00,1
https://chenguangwu.github.io/tools/photo/photo-10.html,clarity,1,0,0.000000,1.00,1
https://chenguangwu.github.io/tools/photo/photo.html,clarity,1,0,0.000000,2.00,1
https://chenguangwu.github.io/tools/plastic/blow-molding.html,clarity,1,0,0.000000,1.00,1
https://chenguangwu.github.io/tools/pneumatic/calc-flow-1.html,clarity,1,0,0.000000,1.00,1
https://chenguangwu.github.io/tools/property/cleaning-allocation.html,clarity,1,0,0.000000,1.00,1
https://chenguangwu.github.io/tools/psychiatry/phq9-depression.html,clarity,1,0,0.000000,1.00,1
https://chenguangwu.github.io/tools/psychology/phq9-assessment.html,clarity,1,0,0.000000,1.00,1
https://chenguangwu.github.io/tools/psychology/sas-assessment.html,clarity,1,0,0.000000,1.00,1
https://chenguangwu.github.io/tools/pulmonology/lung-rads.html,clarity,1,0,0.000000,1.00,1
https://chenguangwu.github.io/tools/pulmonology/niv-settings.html,clarity,1,0,0.000000,1.00,1
https://chenguangwu.github.io/tools/pulmonology/rater-12.html,clarity,1,0,0.000000,1.00,1
https://chenguangwu.github.io/tools/pulmonology/wells-pe.html,clarity,1,0,0.000000,1.00,1
https://chenguangwu.github.io/tools/quality/estimate-six-sigma.html,clarity,1,0,0.000000,1.00,1
https://chenguangwu.github.io/tools/quality/process-capability.html,clarity,1,0,0.000000,1.00,1
https://chenguangwu.github.io/tools/quantum/angular-momentum-quant.html,clarity,1,0,0.000000,1.00,1
https://chenguangwu.github.io/tools/quantum/fermi-energy-3d.html,clarity,1,0,0.000000,1.00,1
https://chenguangwu.github.io/tools/quantum/index.html,clarity,1,0,0.000000,1.00,1
https://chenguangwu.github.io/tools/quantum/mass-energy-equivalence.html,clarity,1,0,0.000000,1.00,1
https://chenguangwu.github.io/tools/quantum/thermal-de-broglie.html,clarity,1,0,0.000000,1.00,1
https://chenguangwu.github.io/tools/railway/index.html,clarity,1,0,0.000000,2.00,1
https://chenguangwu.github.io/tools/realestate/assessor-38.html,clarity,1,0,0.000000,1.00,1
https://chenguangwu.github.io/tools/realestate/calc-2.html,clarity,1,0,0.000000,1.00,1
https://chenguangwu.github.io/tools/realestate/shichang-bijiaofa-anlixiuzheng.html,clarity,1,0,0.000000,1.00,1
https://chenguangwu.github.io/tools/rehabilitation/assistive-device-fitting.html,clarity,1,0,0.000000,1.00,1
https://chenguangwu.github.io/tools/rehabilitation/fim-scale.html,clarity,1,0,0.000000,2.00,1
https://chenguangwu.github.io/tools/rehabilitation/index.html,clarity,1,0,0.000000,1.00,1
https://chenguangwu.github.io/tools/rehabilitation/prosthesis-alignment.html,clarity,1,0,0.000000,1.00,1
https://chenguangwu.github.io/tools/reproductive-medicine/epididymal-aspiration.html,clarity,1,0,0.000000,1.50,1
https://chenguangwu.github.io/tools/reproductive-medicine/liquefaction-time.html,clarity,1,0,0.000000,5.50,1
https://chenguangwu.github.io/tools/reproductive-medicine/retrograde-ejaculation.html,clarity,1,0,0.000000,1.00,1
https://chenguangwu.github.io/tools/reproductive-medicine/sperm-morphology.html,clarity,1,0,0.000000,1.00,1
https://chenguangwu.github.io/tools/reproductive-medicine/vasography.html,clarity,1,0,0.000000,1.00,1
https://chenguangwu.github.io/tools/research/assessor-50.html,clarity,1,0,0.000000,1.00,1
https://chenguangwu.github.io/tools/restaurant/table-turnover.html,clarity,1,0,0.000000,1.00,1
https://chenguangwu.github.io/tools/rheumatology/assessor-10.html,clarity,1,0,0.000000,1.00,1
https://chenguangwu.github.io/tools/rheumatology/basdai.html,clarity,1,0,0.000000,1.00,1
https://chenguangwu.github.io/tools/rheumatology/igg4-level.html,clarity,1,0,0.000000,1.00,1
https://chenguangwu.github.io/tools/rheumatology/mctd-diagnosis.html,clarity,1,0,0.000000,2.00,1
https://chenguangwu.github.io/tools/rheumatology/mda5-antibody.html,clarity,1,0,0.000000,1.00,1
https://chenguangwu.github.io/tools/rheumatology/rater-16.html,clarity,1,0,0.000000,1.00,1
https://chenguangwu.github.io/tools/rheumatology/rater-17.html,clarity,1,0,0.000000,2.00,1
https://chenguangwu.github.io/tools/robotics/end-effector-reach.html,clarity,1,0,0.000000,1.00,1
https://chenguangwu.github.io/tools/rubber/index.html,clarity,1,0,0.000000,1.00,1
https://chenguangwu.github.io/tools/safety/generator-22.html,clarity,1,0,0.000000,1.00,1
https://chenguangwu.github.io/tools/safety/ppe-replacement.html,clarity,1,0,0.000000,1.00,1
https://chenguangwu.github.io/tools/safety/stats-report-frequency.html,clarity,1,0,0.000000,1.00,1
https://chenguangwu.github.io/tools/science/cycle.html,clarity,1,0,0.000000,1.00,1
https://chenguangwu.github.io/tools/science/heat-transfer-calculator.html,clarity,1,0,0.000000,1.00,1
https://chenguangwu.github.io/tools/science/logic-gate-simulator.html,clarity,1,0,0.000000,1.00,1
https://chenguangwu.github.io/tools/science/newtons-second.html,clarity,1,0,0.000000,1.00,1
https://chenguangwu.github.io/tools/science/physics-calculator.html,clarity,1,0,0.000000,1.00,1
https://chenguangwu.github.io/tools/science/si-unit-converter.html,bing,1,1,1.000000,6.00,1
https://chenguangwu.github.io/tools/securities/technical-indicator.html,clarity,1,0,0.000000,1.00,1
https://chenguangwu.github.io/tools/seismology/assessor-31.html,clarity,1,0,0.000000,1.00,1
https://chenguangwu.github.io/tools/seismology/generator-drill.html,clarity,1,0,0.000000,1.00,1
https://chenguangwu.github.io/tools/seismology/index.html,clarity,1,0,0.000000,1.00,1
https://chenguangwu.github.io/tools/shipping/convert-speed-1.html,clarity,1,0,0.000000,1.00,1
https://chenguangwu.github.io/tools/signal/first-order-rise.html,clarity,1,0,0.000000,1.00,1
https://chenguangwu.github.io/tools/signal/pwm-average.html,clarity,1,0,0.000000,1.00,1
https://chenguangwu.github.io/tools/signal/rc-time-constant.html,clarity,1,0,0.000000,1.00,1
https://chenguangwu.github.io/tools/sports/analysis-20.html,clarity,1,0,0.000000,1.00,1
https://chenguangwu.github.io/tools/sports/rater-35.html,clarity,1,0,0.000000,1.00,1
https://chenguangwu.github.io/tools/sports/rater-motion.html,clarity,1,0,0.000000,1.00,1
https://chenguangwu.github.io/tools/sports/ratio-18.html,clarity,1,0,0.000000,1.00,1
https://chenguangwu.github.io/tools/sports/sheyangdonglixuebanshi.html,clarity,1,0,0.000000,2.00,1
https://chenguangwu.github.io/tools/sports/taiquandao-hengti-xiapi-defen.html,clarity,1,0,0.000000,1.00,1
https://chenguangwu.github.io/tools/sports/training-load.html,clarity,1,0,0.000000,1.00,1
https://chenguangwu.github.io/tools/sports/xuerusuanyuzhiceding.html,clarity,1,0,0.000000,1.00,1
https://chenguangwu.github.io/tools/stage/index.html,clarity,1,0,0.000000,1.00,1
https://chenguangwu.github.io/tools/stage/power-load.html,clarity,1,0,0.000000,1.00,1
https://chenguangwu.github.io/tools/startup/calc-1.html,clarity,1,0,0.000000,1.00,1
https://chenguangwu.github.io/tools/statistics/confidence-proportion.html,clarity,1,0,0.000000,1.00,1
https://chenguangwu.github.io/tools/statistics/cramers-v.html,clarity,1,0,0.000000,1.00,1
https://chenguangwu.github.io/tools/statistics/linear-regression.html,clarity,1,0,0.000000,1.00,1
https://chenguangwu.github.io/tools/statistics/sample-variance.html,clarity,1,0,0.000000,1.00,1
https://chenguangwu.github.io/tools/steel/index.html,clarity,1,0,0.000000,1.00,1
https://chenguangwu.github.io/tools/steel/steel-profile-weight.html,clarity,1,0,0.000000,1.00,1
https://chenguangwu.github.io/tools/structural/section-modulus-circle.html,clarity,1,0,0.000000,1.00,1
https://chenguangwu.github.io/tools/surveying/area-calc.html,clarity,1,0,0.000000,1.00,1
https://chenguangwu.github.io/tools/surveying/external-distance-curve.html,clarity,1,0,0.000000,1.00,1
https://chenguangwu.github.io/tools/surveying/index.html,clarity,1,0,0.000000,1.00,1
https://chenguangwu.github.io/tools/surveying/prismoidal-volume.html,clarity,1,0,0.000000,1.00,1
https://chenguangwu.github.io/tools/tax/capital-gains-tax.html,clarity,1,0,0.000000,1.00,1
https://chenguangwu.github.io/tools/tax/progressive-income-tax.html,clarity,1,0,0.000000,1.00,1
https://chenguangwu.github.io/tools/tax/reverse-charge.html,clarity,1,0,0.000000,1.00,1
https://chenguangwu.github.io/tools/tax/vat-output.html,clarity,1,0,0.000000,1.00,1
https://chenguangwu.github.io/tools/tcm-diagnosis/disease-nature.html,clarity,1,0,0.000000,2.00,1
https://chenguangwu.github.io/tools/tcm-diagnosis/disease-tracking.html,clarity,1,0,0.000000,1.00,1
https://chenguangwu.github.io/tools/tcm-diagnosis/generator-29.html,clarity,1,0,0.000000,1.00,1
https://chenguangwu.github.io/tools/tcm-pharmacy/formula-song.html,clarity,1,0,0.000000,1.00,1
https://chenguangwu.github.io/tools/tcm-pharmacy/medication-timing.html,clarity,1,0,0.000000,1.00,1
https://chenguangwu.github.io/tools/tcm-pharmacy/medicinal-wine.html,clarity,1,0,0.000000,1.00,1
https://chenguangwu.github.io/tools/textile/fabric-converter.html,clarity,1,0,0.000000,1.00,1
https://chenguangwu.github.io/tools/textile/fukuanpailiaoliyonglv.html,clarity,1,0,0.000000,1.00,1
https://chenguangwu.github.io/tools/textile/ratio-20.html,clarity,1,0,0.000000,1.00,1
https://chenguangwu.github.io/tools/textile/shrinkage.html,clarity,1,0,0.000000,1.00,1
https://chenguangwu.github.io/tools/thermodynamics/adiabatic-tv.html,clarity,1,0,0.000000,1.00,1
https://chenguangwu.github.io/tools/thermodynamics/compressor-isentropic-work.html,clarity,1,0,0.000000,1.00,1
https://chenguangwu.github.io/tools/thermodynamics/heat-conduction.html,clarity,1,0,0.000000,1.00,1
https://chenguangwu.github.io/tools/transport/estimate-capacity.html,clarity,1,0,0.000000,1.00,1
https://chenguangwu.github.io/tools/uiux/analysis-64.html,clarity,1,0,0.000000,1.00,1
https://chenguangwu.github.io/tools/uiux/index.html,clarity,1,0,0.000000,1.00,1
https://chenguangwu.github.io/tools/unitedfront/index.html,clarity,1,0,0.000000,1.00,1
https://chenguangwu.github.io/tools/urology/assessor-pressure.html,clarity,1,0,0.000000,1.50,1
https://chenguangwu.github.io/tools/usedcar/calc-73.html,clarity,1,0,0.000000,1.00,1
https://chenguangwu.github.io/tools/video/video-speed.html,clarity,1,0,0.000000,1.00,1
https://chenguangwu.github.io/tools/water/calc-pressure.html,clarity,1,0,0.000000,1.00,1
https://chenguangwu.github.io/tools/wedding/budget-planner.html,clarity,1,0,0.000000,1.00,1
https://chenguangwu.github.io/tools/wedding/seating-chart.html,clarity,1,0,0.000000,1.00,1
https://chenguangwu.github.io/tools/welding/hanjiegongzhuangjiajusheji.html,clarity,1,0,0.000000,1.00,1
https://chenguangwu.github.io/tools/woodworking/angle-cut.html,clarity,1,0,0.000000,1.00,1
https://chenguangwu.github.io/tools/yi/yi-divination.html,clarity,1,0,0.000000,1.00,1
https://chenguangwu.github.io/tools/yoga/index.html,clarity,1,0,0.000000,1.00,1
http://127.0.0.1:8082/tools/it/password-generator.html,clarity,0,0,0.000000,2.00,1
http://127.0.0.1:8083/tools/it/password-generator.html,clarity,0,0,0.000000,1.00,1
http://127.0.0.1:8084/tools/it/password-generator.html,clarity,0,0,0.000000,1.00,1
http://127.0.0.1:8085/tools/it/password-generator.html,clarity,0,0,0.000000,1.00,1
http://127.0.0.1:8085/tools/it/password-generator.html#bottom,clarity,0,0,0.000000,1.00,1
http://127.0.0.1:8086/tools/it/password-generator.html,clarity,0,0,0.000000,1.00,1
http://127.0.0.1:8087/tools/it/json-formatter.html?lang=en-US,clarity,0,0,0.000000,1.00,1
http://127.0.0.1:8087/tools/it/json-formatter.html?lang=zh-CN,clarity,0,0,0.000000,1.00,1
http://127.0.0.1:8090/tools/design/color-picker.html?lang=en-US,clarity,0,0,0.000000,1.00,1
http://127.0.0.1:8090/tools/design/color-picker.html?lang=zh-CN,clarity,0,0,0.000000,1.00,1
http://127.0.0.1:8090/tools/design/favicon-from-emoji.html?lang=en-US,clarity,0,0,0.000000,1.00,1
http://127.0.0.1:8090/tools/design/favicon-from-emoji.html?lang=zh-CN,clarity,0,0,0.000000,1.00,1
http://127.0.0.1:8090/tools/energy/battery-capacity-wh.html?lang=en-US,clarity,0,0,0.000000,2.00,1
http://127.0.0.1:8090/tools/energy/battery-capacity-wh.html?lang=zh-CN,clarity,0,0,0.000000,1.00,1
http://127.0.0.1:8090/tools/it/base64.html?lang=en-US,clarity,0,0,0.000000,1.00,1
http://127.0.0.1:8090/tools/it/base64.html?lang=zh-CN,clarity,0,0,0.000000,1.00,1
http://127.0.0.1:8090/tools/it/json-minify.html?lang=en-US,clarity,0,0,0.000000,1.00,1
http://127.0.0.1:8090/tools/it/json-minify.html?lang=zh-CN,clarity,0,0,0.000000,1.00,1
http://127.0.0.1:8090/tools/it/jwt-debugger.html?lang=en-US,clarity,0,0,0.000000,1.00,1
http://127.0.0.1:8090/tools/it/jwt-debugger.html?lang=zh-CN,clarity,0,0,0.000000,2.00,1
http://127.0.0.1:8090/tools/it/jwt.html?lang=en-US,clarity,0,0,0.000000,1.00,1
http://127.0.0.1:8090/tools/it/jwt.html?lang=zh-CN,clarity,0,0,0.000000,1.00,1
http://127.0.0.1:8091/tools/design/color-picker.html?lang=en-US,clarity,0,0,0.000000,1.00,1
http://127.0.0.1:8091/tools/design/color-picker.html?lang=zh-CN,clarity,0,0,0.000000,1.00,1
http://127.0.0.1:8091/tools/design/favicon-from-emoji.html?lang=en-US,clarity,0,0,0.000000,1.00,1
http://127.0.0.1:8091/tools/design/favicon-from-emoji.html?lang=zh-CN,clarity,0,0,0.000000,1.00,1
http://127.0.0.1:8091/tools/energy/battery-capacity-wh.html?lang=en-US,clarity,0,0,0.000000,1.00,1
http://127.0.0.1:8091/tools/energy/battery-capacity-wh.html?lang=zh-CN,clarity,0,0,0.000000,1.00,1
http://127.0.0.1:8091/tools/it/base64.html?lang=en-US,clarity,0,0,0.000000,1.00,1
http://127.0.0.1:8091/tools/it/base64.html?lang=zh-CN,clarity,0,0,0.000000,1.00,1
http://127.0.0.1:8091/tools/it/json-minify.html?lang=en-US,clarity,0,0,0.000000,1.00,1
http://127.0.0.1:8091/tools/it/json-minify.html?lang=zh-CN,clarity,0,0,0.000000,1.00,1
http://127.0.0.1:8091/tools/it/jwt-debugger.html?lang=zh-CN,clarity,0,0,0.000000,1.00,1
http://127.0.0.1:8092/tools/it/jwt-debugger.html?lang=en-US,clarity,0,0,0.000000,1.00,1
http://127.0.0.1:8092/tools/it/jwt-debugger.html?lang=zh-CN,clarity,0,0,0.000000,1.00,1
http://127.0.0.1:8092/tools/it/jwt.html?lang=en-US,clarity,0,0,0.000000,1.00,1
http://127.0.0.1:8092/tools/it/jwt.html?lang=zh-CN,clarity,0,0,0.000000,1.00,1
http://127.0.0.1:8092/tools/it/qrcode.html?lang=en-US,clarity,0,0,0.000000,1.00,1
http://127.0.0.1:8092/tools/it/qrcode.html?lang=zh-CN,clarity,0,0,0.000000,1.00,1
http://127.0.0.1:8092/tools/it/regex.html?lang=en-US,clarity,0,0,0.000000,1.00,1
http://127.0.0.1:8092/tools/it/regex.html?lang=zh-CN,clarity,0,0,0.000000,1.00,1
http://127.0.0.1:8093/tools/ai/relu-leakyrelu.html?lang=en-US,clarity,0,0,0.000000,2.00,1
http://127.0.0.1:8093/tools/ai/relu-leakyrelu.html?lang=zh-CN,clarity,0,0,0.000000,1.00,1
http://127.0.0.1:8093/tools/it/uuid-generator.html?lang=en-US,clarity,0,0,0.000000,1.00,1
http://127.0.0.1:8093/tools/it/uuid-generator.html?lang=zh-CN,clarity,0,0,0.000000,1.00,1
http://127.0.0.1:8093/tools/life/age-calculator.html?lang=en-US,clarity,0,0,0.000000,1.00,1
http://127.0.0.1:8093/tools/life/age-calculator.html?lang=zh-CN,clarity,0,0,0.000000,1.00,1
http://127.0.0.1:8093/tools/life/timestamp.html?lang=en-US,clarity,0,0,0.000000,1.00,1
http://127.0.0.1:8093/tools/life/timestamp.html?lang=zh-CN,clarity,0,0,0.000000,1.00,1
http://127.0.0.1:8100/tools/design/color-picker.html?lang=en-US,clarity,0,0,0.000000,1.00,1
http://127.0.0.1:8100/tools/design/color-picker.html?lang=zh-CN,clarity,0,0,0.000000,1.00,1
http://127.0.0.1:8100/tools/it/base64.html?lang=en-US,clarity,0,0,0.000000,1.00,1
http://127.0.0.1:8100/tools/it/base64.html?lang=zh-CN,clarity,0,0,0.000000,1.00,1
http://127.0.0.1:8100/tools/life/timestamp.html?lang=en-US,clarity,0,0,0.000000,1.00,1
http://127.0.0.1:8100/tools/life/timestamp.html?lang=zh-CN,clarity,0,0,0.000000,1.00,1
http://127.0.0.1:8101/tools/design/color-picker.html?lang=en-US,clarity,0,0,0.000000,1.25,1
http://127.0.0.1:8101/tools/design/color-picker.html?lang=zh-CN,clarity,0,0,0.000000,1.00,1
http://127.0.0.1:8101/tools/it/base64.html?lang=en-US,clarity,0,0,0.000000,1.00,1
http://127.0.0.1:8101/tools/it/base64.html?lang=zh-CN,clarity,0,0,0.000000,1.50,1
http://127.0.0.1:8101/tools/life/timestamp.html?lang=en-US,clarity,0,0,0.000000,1.00,1
http://127.0.0.1:8101/tools/life/timestamp.html?lang=zh-CN,clarity,0,0,0.000000,1.00,1
http://127.0.0.1:8102/tools/ai/relu-leakyrelu.html?lang=zh-CN,clarity,0,0,0.000000,1.00,1
http://127.0.0.1:8102/tools/automotive/brake-pad-life.html?lang=zh-CN,clarity,0,0,0.000000,1.00,1
http://127.0.0.1:8102/tools/eco/eco-8.html?lang=zh-CN,clarity,0,0,0.000000,1.00,1
http://127.0.0.1:8102/tools/edu/grade-calculator.html?lang=zh-CN,clarity,0,0,0.000000,1.00,1
http://127.0.0.1:8102/tools/finance/uan-validator.html?lang=zh-CN,clarity,0,0,0.000000,1.00,1
http://127.0.0.1:8102/tools/food/analysis-cost-6.html?lang=zh-CN,clarity,0,0,0.000000,1.00,1
http://127.0.0.1:8102/tools/health/sleep-cycle-calculator.html?lang=zh-CN,clarity,0,0,0.000000,1.00,1
http://127.0.0.1:8102/tools/legal/food-safety.html?lang=zh-CN,clarity,0,0,0.000000,1.00,1
http://127.0.0.1:8102/tools/music/rhythm-trainer.html?lang=zh-CN,clarity,0,0,0.000000,1.00,1
http://127.0.0.1:8102/tools/photography/convert-focal.html?lang=zh-CN,clarity,0,0,0.000000,1.00,1
http://127.0.0.1:8102/tools/sports/simulator-18.html?lang=zh-CN,clarity,0,0,0.000000,1.00,1
http://127.0.0.1:8102/tools/travel/world-timezone-converter.html?lang=zh-CN,clarity,0,0,0.000000,1.00,1
http://127.0.0.1:8123/_swtest.html?t=1,clarity,0,0,0.000000,1.00,1
http://127.0.0.1:8123/_swtest.html?t=2,clarity,0,0,0.000000,1.00,1
http://127.0.0.1:8123/_swtest.html?t=31,clarity,0,0,0.000000,1.00,1
http://127.0.0.1:8123/_swtest.html?t=32,clarity,0,0,0.000000,1.00,1
http://127.0.0.1:8123/_swtest.html?t=a,clarity,0,0,0.000000,1.00,1
http://127.0.0.1:8123/_swtest.html?t=b,clarity,0,0,0.000000,1.00,1
http://127.0.0.1:8123/_swtest.html?t=g1,clarity,0,0,0.000000,2.00,1
http://127.0.0.1:8123/_swtest.html?t=g2,clarity,0,0,0.000000,1.00,1
http://127.0.0.1:8123/_swtest.html?t=g3,clarity,0,0,0.000000,1.00,1
http://127.0.0.1:8123/_swtest.html?t=n1,clarity,0,0,0.000000,1.00,1
http://127.0.0.1:8123/_swtest.html?t=n2,clarity,0,0,0.000000,1.00,1
http://127.0.0.1:8123/_swtest.html?t=o1,clarity,0,0,0.000000,1.00,1
http://127.0.0.1:8123/_swtest.html?t=o2,clarity,0,0,0.000000,1.00,1
http://127.0.0.1:8123/_swtest.html?t=p1,clarity,0,0,0.000000,1.00,1
http://127.0.0.1:8123/_swtest.html?t=p2,clarity,0,0,0.000000,1.00,1
http://127.0.0.1:8123/_swtest.html?t=u1,clarity,0,0,0.000000,1.00,1
http://127.0.0.1:8123/_swtest.html?t=u2,clarity,0,0,0.000000,1.00,1
http://127.0.0.1:8901/tools/it/base64.html,clarity,0,0,0.000000,1.00,1
http://127.0.0.1:8901/tools/it/base64.html?embed=1,clarity,0,0,0.000000,1.00,1
http://127.0.0.1:8901/tools/it/base64.html?lang=en-US,clarity,0,0,0.000000,1.00,1
http://127.0.0.1:8902/tools/it/index.html,clarity,0,0,0.000000,1.00,1
http://127.0.0.1:8903/tools/finance/compound-interest.html,clarity,0,0,0.000000,1.00,1
http://127.0.0.1:8903/tools/it/base64.html,clarity,0,0,0.000000,1.00,1
http://127.0.0.1:8921/tools/it/jwt.html,clarity,0,0,0.000000,1.00,1
http://127.0.0.1:8921/tools/it/rich-text-editor.html,clarity,0,0,0.000000,1.00,1
http://127.0.0.1:8921/tools/it/safelink-decoder.html,clarity,0,0,0.000000,1.00,1
http://127.0.0.1:8921/tools/life/temperature-converter.html,clarity,0,0,0.000000,1.00,1
http://localhost:8099/tools/agriculture/calc-14.html?lang=en-US,clarity,0,0,0.000000,2.00,1
http://localhost:8099/tools/agriculture/calc-14.html?lang=zh-CN,clarity,0,0,0.000000,2.00,1
http://localhost:8099/tools/agriculture/calc-3.html?lang=en-US,clarity,0,0,0.000000,2.00,1
http://localhost:8099/tools/agriculture/calc-3.html?lang=zh-CN,clarity,0,0,0.000000,4.00,1
http://localhost:8099/tools/it/a1z26-cipher.html?lang=en-US,clarity,0,0,0.000000,4.00,1
http://localhost:8099/tools/it/a1z26-cipher.html?lang=zh-CN,clarity,0,0,0.000000,14.00,1
http://localhost:8099/tools/it/base64.html?lang=en-US,clarity,0,0,0.000000,4.00,1
http://localhost:8099/tools/it/base64.html?lang=zh-CN,clarity,0,0,0.000000,4.00,1
http://localhost:8099/tools/it/password-generator.html?lang=en-US,clarity,0,0,0.000000,4.00,1
http://localhost:8099/tools/it/password-generator.html?lang=zh-CN,clarity,0,0,0.000000,4.00,1
http://localhost:8765/tools/finance/lottery-odds-calculator.html?verify=patched3,clarity,0,0,0.000000,1.00,1
http://localhost:8765/tools/finance/lottery-odds-calculator.html?verify=patched5,clarity,0,0,0.000000,1.00,1
http://localhost:8765/tools/science/logic-gate-simulator.html?verify=final,clarity,0,0,0.000000,1.00,1
http://localhost:8765/tools/science/logic-gate-simulator.html?verify=patched,clarity,0,0,0.000000,1.00,1
http://localhost:8765/tools/science/logic-gate-simulator.html?verify=patched2,clarity,0,0,0.000000,1.00,1
http://localhost:8765/tools/science/logic-gate-simulator.html?verify=patched4,clarity,0,0,0.000000,1.00,1
http://localhost:8950/tools/finance/aadhaar-validator.html,clarity,0,0,0.000000,1.00,1
http://localhost:8950/tools/it/jwt.html,clarity,0,0,0.000000,1.00,1
http://localhost:8961/tools/finance/credit-card-interest.html,clarity,0,0,0.000000,1.00,1
http://localhost:8961/tools/finance/credit-card-interest.html?lang=en-US,clarity,0,0,0.000000,1.00,1
http://localhost:8961/tools/it/matrix-transpose.html,clarity,0,0,0.000000,1.00,1
http://localhost:8961/tools/it/matrix-transpose.html?lang=en-US,clarity,0,0,0.000000,1.00,1
http://localhost:8972/tools/edu/reminder-1.html,clarity,0,0,0.000000,1.00,1
http://localhost:8972/tools/edu/reminder-1.html?lang=en-US,clarity,0,0,0.000000,1.00,1
http://localhost:8973/tools/edu/reminder-1.html,clarity,0,0,0.000000,1.00,1
http://localhost:8973/tools/edu/reminder-1.html?lang=en-US,clarity,0,0,0.000000,1.00,1
http://localhost:8974/tools/biz/text-case-advanced.html,clarity,0,0,0.000000,1.00,1
http://localhost:8974/tools/biz/text-case-advanced.html?lang=en-US,clarity,0,0,0.000000,1.00,1
http://localhost:8974/tools/design/css-grid-generator.html,clarity,0,0,0.000000,2.00,1
http://localhost:8974/tools/design/css-grid-generator.html?lang=en-US,clarity,0,0,0.000000,2.00,1
http://localhost:8974/tools/food-testing/ingredient-sorter.html,clarity,0,0,0.000000,1.00,1
http://localhost:8974/tools/food-testing/ingredient-sorter.html?lang=en-US,clarity,0,0,0.000000,1.00,1
http://localhost:8974/tools/it/json-repair.html,clarity,0,0,0.000000,2.00,1
http://localhost:8974/tools/it/json-repair.html?lang=en-US,clarity,0,0,0.000000,2.00,1
http://localhost:8974/tools/language/idiom-solitaire.html,clarity,0,0,0.000000,1.00,1
http://localhost:8974/tools/language/idiom-solitaire.html?lang=en-US,clarity,0,0,0.000000,1.00,1
http://localhost:8974/tools/security/virtual-safe.html,clarity,0,0,0.000000,1.00,1
http://localhost:8974/tools/security/virtual-safe.html?lang=en-US,clarity,0,0,0.000000,1.00,1
http://localhost:8975/tools/biz/superscript-text.html,clarity,0,0,0.000000,1.00,1
http://localhost:8975/tools/food-testing/ingredient-sorter.html,clarity,0,0,0.000000,1.00,1
http://localhost:8975/tools/security/virtual-safe.html,clarity,0,0,0.000000,1.00,1
http://localhost:8976/tools/biz/superscript-text.html,clarity,0,0,0.000000,1.00,1
http://localhost:8976/tools/biz/superscript-text.html?lang=en-US,clarity,0,0,0.000000,1.00,1
http://localhost:8976/tools/biz/text-case-advanced.html,clarity,0,0,0.000000,1.00,1
http://localhost:8976/tools/biz/text-case-advanced.html?lang=en-US,clarity,0,0,0.000000,1.00,1
http://localhost:8976/tools/design/css-grid-generator.html,clarity,0,0,0.000000,1.00,1
http://localhost:8976/tools/design/css-grid-generator.html?lang=en-US,clarity,0,0,0.000000,1.00,1
http://localhost:8976/tools/edu/reminder-1.html,clarity,0,0,0.000000,1.00,1
http://localhost:8976/tools/edu/reminder-1.html?lang=en-US,clarity,0,0,0.000000,1.00,1
http://localhost:8976/tools/edu2/wrong-book.html,clarity,0,0,0.000000,1.00,1
http://localhost:8976/tools/edu2/wrong-book.html?lang=en-US,clarity,0,0,0.000000,1.00,1
http://localhost:8976/tools/food-testing/ingredient-sorter.html,clarity,0,0,0.000000,1.00,1
http://localhost:8976/tools/food-testing/ingredient-sorter.html?lang=en-US,clarity,0,0,0.000000,1.00,1
http://localhost:8976/tools/security/virtual-safe.html,clarity,0,0,0.000000,1.00,1
http://localhost:8976/tools/security/virtual-safe.html?lang=en-US,clarity,0,0,0.000000,1.00,1
http://localhost:8981/tools/it/index.html,clarity,0,0,0.000000,1.00,1
http://localhost:8981/tools/it/index.html?lang=en-US,clarity,0,0,0.000000,1.00,1
http://localhost:8981/tools/it/margin-of-error.html,clarity,0,0,0.000000,1.00,1
http://localhost:8981/tools/it/margin-of-error.html?lang=en-US,clarity,0,0,0.000000,1.00,1
http://localhost:8981/tools/life/drinking-water-plan.html,clarity,0,0,0.000000,1.00,1
http://localhost:8981/tools/life/drinking-water-plan.html?lang=en-US,clarity,0,0,0.000000,1.00,1
http://localhost:8981/tools/rheumatology/rater-16.html,clarity,0,0,0.000000,1.00,1
http://localhost:8981/tools/rheumatology/rater-16.html?lang=en-US,clarity,0,0,0.000000,1.00,1
http://localhost:8981/tools/safety/manager.html,clarity,0,0,0.000000,1.00,1
http://localhost:8981/tools/safety/manager.html?lang=en-US,clarity,0,0,0.000000,1.00,1
http://localhost:8990/tools/electromagnetism/ohms-law.html,clarity,0,0,0.000000,1.00,1
http://localhost:8990/tools/electromagnetism/ohms-law.html?lang=en-US,clarity,0,0,0.000000,1.00,1
http://localhost:8990/tools/fun/index.html,clarity,0,0,0.000000,1.00,1
http://localhost:8990/tools/fun/index.html?lang=en-US,clarity,0,0,0.000000,1.00,1
http://localhost:8990/tools/general/estimate-15.html,clarity,0,0,0.000000,1.00,1
http://localhost:8990/tools/general/estimate-15.html?lang=en-US,clarity,0,0,0.000000,1.00,1
http://localhost:8990/tools/health/heart-rate-zones.html,clarity,0,0,0.000000,1.00,1
http://localhost:8990/tools/health/heart-rate-zones.html?lang=en-US,clarity,0,0,0.000000,1.00,1
http://localhost:8990/tools/safety/manager.html,clarity,0,0,0.000000,1.00,1
http://localhost:8990/tools/safety/manager.html?lang=en-US,clarity,0,0,0.000000,1.00,1
https://chenguangwu.github.io/?lang=en,clarity,0,0,0.000000,2.00,1
https://chenguangwu.github.io/?lang=zh-CN,clarity,0,0,0.000000,1.00,1
https://chenguangwu.github.io/evernode/%E5%8C%BA%E5%9F%9F%E4%BB%A3%E7%A0%81%E8%AF%B4%E6%98%8E.pdf_files/%E5%8C%BA%E5%9F%9F%E4%BB%A3%E7%A0%81%E8%AF%B4%E6%98%8E.pdf,clarity,0,0,0.000000,1.00,1
https://chenguangwu.github.io/evernode/%E8%A7%A3%E5%86%B3%E6%95%B0%E6%8D%AE%E5%BA%93%E8%BF%9E%E6%8E%A5%E6%8A%A5%E9%94%99Listener%20refused%20the%20connection%20with.html,clarity,0,0,0.000000,1.00,1
https://chenguangwu.github.io/evernode/%E8%B0%B7%E6%AD%8C%E5%BC%80%E6%BA%90%20Java%20%E5%AE%B9%E5%99%A8%E5%8C%96%E5%B7%A5%E5%85%B7%EF%BC%8C%E5%90%8D%E5%AD%97%E5%B0%B1%E5%8F%AB%E2%80%94%E2%80%94Jib%20-%20IT%E7%A8%8B%E5%BA%8F%E7%8C%BF.html,clarity,0,0,0.000000,1.00,1
https://chenguangwu.github.io/evernode/IDEA%20without%20mouse.html,clarity,0,0,0.000000,1.00,1
https://chenguangwu.github.io/guides/baker-percentage-guide.html,clarity,0,0,0.000000,1.00,1
https://chenguangwu.github.io/index.html#hot,clarity,0,0,0.000000,1.00,1
https://chenguangwu.github.io/search.html?q=json%E6%A0%BC%E5%BC%8F%E5%8C%96,clarity,0,0,0.000000,2.00,1
https://chenguangwu.github.io/search.html?q=json&lang=zh-CN,clarity,0,0,0.000000,1.00,1
https://chenguangwu.github.io/search.html?q=test,clarity,0,0,0.000000,1.00,1
https://chenguangwu.github.io/sitemap.html,clarity,0,0,0.000000,1.00,1
https://chenguangwu.github.io/tools/aerospace/lift-coefficient.html,clarity,0,0,0.000000,1.00,1
https://chenguangwu.github.io/tools/agriculture/dli-calculator.html,clarity,0,0,0.000000,1.00,1
https://chenguangwu.github.io/tools/agriculture/fertilizer-calculator.html,clarity,0,0,0.000000,1.00,1
https://chenguangwu.github.io/tools/agriculture/irrigation-calculator.html,clarity,0,0,0.000000,1.00,1
https://chenguangwu.github.io/tools/ai/ai-4.html,clarity,0,0,0.000000,1.00,1
https://chenguangwu.github.io/tools/ai/index.html,clarity,0,0,0.000000,1.00,1
https://chenguangwu.github.io/tools/astronomy/observation-conditions.html,clarity,0,0,0.000000,1.00,1
https://chenguangwu.github.io/tools/automotive/cycle-belt.html,clarity,0,0,0.000000,1.00,1
https://chenguangwu.github.io/tools/automotive/pressure-fuel-oil.html,clarity,0,0,0.000000,1.00,1
https://chenguangwu.github.io/tools/automotive/voltage-1.html,clarity,0,0,0.000000,1.00,1
https://chenguangwu.github.io/tools/ballistics/bullet-penetration.html,clarity,0,0,0.000000,1.00,1
https://chenguangwu.github.io/tools/ballistics/caliber-conversion.html,clarity,0,0,0.000000,1.00,1
https://chenguangwu.github.io/tools/ballistics/muzzle-energy.html,clarity,0,0,0.000000,1.00,1
https://chenguangwu.github.io/tools/ballistics/powder-burn-rate.html,clarity,0,0,0.000000,1.00,1
https://chenguangwu.github.io/tools/ballistics/recoil-estimation.html,clarity,0,0,0.000000,1.00,1
https://chenguangwu.github.io/tools/ballistics/simulator-time.html,clarity,0,0,0.000000,1.00,1
https://chenguangwu.github.io/tools/ballistics/wind-drift.html,clarity,0,0,0.000000,1.00,1
https://chenguangwu.github.io/tools/beauty/index.html,clarity,0,0,0.000000,1.00,1
https://chenguangwu.github.io/tools/blasting/rock-excavation.html,clarity,0,0,0.000000,1.00,1
https://chenguangwu.github.io/tools/bridge/deflection-calc.html,clarity,0,0,0.000000,1.00,1
https://chenguangwu.github.io/tools/cardiology/antiarrhythmic-class.html,clarity,0,0,0.000000,1.00,1
https://chenguangwu.github.io/tools/casting/detector-24.html,clarity,0,0,0.000000,2.00,1
https://chenguangwu.github.io/tools/ceramics/kiln-firing.html,clarity,0,0,0.000000,1.00,1
https://chenguangwu.github.io/tools/chemistry/empirical-formula.html,clarity,0,0,0.000000,2.00,1
https://chenguangwu.github.io/tools/chemistry/index.html,clarity,0,0,0.000000,2.00,1
https://chenguangwu.github.io/tools/chemistry/poh-to-ph.html,clarity,0,0,0.000000,1.00,1
https://chenguangwu.github.io/tools/chess/bridge-scoring.html,clarity,0,0,0.000000,1.00,1
https://chenguangwu.github.io/tools/chinese-cook/ingredient-substitute.html,clarity,0,0,0.000000,1.00,1
https://chenguangwu.github.io/tools/chinese-cook/oil-temp.html,clarity,0,0,0.000000,1.00,1
https://chenguangwu.github.io/tools/community/index.html,clarity,0,0,0.000000,1.00,1
https://chenguangwu.github.io/tools/construction/index.html,clarity,0,0,0.000000,1.00,1
https://chenguangwu.github.io/tools/convenience/assessor-target.html,clarity,0,0,0.000000,1.00,1
https://chenguangwu.github.io/tools/cosmetic-derm/aging-1.html,clarity,0,0,0.000000,1.00,1
https://chenguangwu.github.io/tools/cosmetic-derm/index.html,clarity,0,0,0.000000,2.00,1
https://chenguangwu.github.io/tools/cosmetic-derm/jiguangbochangbadian.html,clarity,0,0,0.000000,1.00,1
https://chenguangwu.github.io/tools/cosmetic-derm/visia-spots.html,clarity,0,0,0.000000,1.00,1
https://chenguangwu.github.io/tools/dance/partner-distance.html,clarity,0,0,0.000000,1.00,1
https://chenguangwu.github.io/tools/data/index.html,clarity,0,0,0.000000,1.00,1
https://chenguangwu.github.io/tools/decor/wallpaper-quantity.html,clarity,0,0,0.000000,1.00,1
https://chenguangwu.github.io/tools/dentistry/assessor-5.html,clarity,0,0,0.000000,1.00,1
https://chenguangwu.github.io/tools/dentistry/dental-arch-development.html,clarity,0,0,0.000000,1.00,1
https://chenguangwu.github.io/tools/dentistry/zirconia-aesthetics.html,clarity,0,0,0.000000,1.00,1
https://chenguangwu.github.io/tools/dermatology/chilblain-grading.html,clarity,0,0,0.000000,1.00,1
https://chenguangwu.github.io/tools/design/generator-10.html,clarity,0,0,0.000000,1.00,1
https://chenguangwu.github.io/tools/design/grid-pattern.html,clarity,0,0,0.000000,1.00,1
https://chenguangwu.github.io/tools/design/index.html,clarity,0,0,0.000000,1.50,1
https://chenguangwu.github.io/tools/design/index.html?lang=en,clarity,0,0,0.000000,1.00,1
https://chenguangwu.github.io/tools/design/particle-effect-generator.html,clarity,0,0,0.000000,1.00,1
https://chenguangwu.github.io/tools/dynamics/index.html,clarity,0,0,0.000000,2.00,1
https://chenguangwu.github.io/tools/eco/index.html,clarity,0,0,0.000000,1.00,1
https://chenguangwu.github.io/tools/electromagnetism/index.html,clarity,0,0,0.000000,1.00,1
https://chenguangwu.github.io/tools/endocrinology/detector-metabolism.html,clarity,0,0,0.000000,1.00,1
https://chenguangwu.github.io/tools/energy/fridge-power-estimator.html,clarity,0,0,0.000000,1.00,1
https://chenguangwu.github.io/tools/ent/laryngeal-nerve.html,clarity,0,0,0.000000,1.00,1
https://chenguangwu.github.io/tools/finance/index.html,clarity,0,0,0.000000,1.00,1
https://chenguangwu.github.io/tools/finance/npv-calculator.html,clarity,0,0,0.000000,1.00,1
https://chenguangwu.github.io/tools/fire-rescue/calc-pressure-1.html,clarity,0,0,0.000000,1.00,1
https://chenguangwu.github.io/tools/fire/extinguisher-calc.html,clarity,0,0,0.000000,2.00,1
https://chenguangwu.github.io/tools/fishery/feed-calculator.html,clarity,0,0,0.000000,1.00,1
https://chenguangwu.github.io/tools/fishery/feed-rate-calculator.html,clarity,0,0,0.000000,1.50,1
https://chenguangwu.github.io/tools/fishery/feeding-rate.html,clarity,0,0,0.000000,1.00,1
https://chenguangwu.github.io/tools/fishery/spawning-hormone.html,clarity,0,0,0.000000,1.00,1
https://chenguangwu.github.io/tools/fluid/index.html,clarity,0,0,0.000000,2.00,1
https://chenguangwu.github.io/tools/food-processing/tester-5.html,clarity,0,0,0.000000,1.00,1
https://chenguangwu.github.io/tools/food-safety/assessor-risk-6.html,clarity,0,0,0.000000,1.00,1
https://chenguangwu.github.io/tools/food-testing/acid-peroxide-titration.html,clarity,0,0,0.000000,1.00,1
https://chenguangwu.github.io/tools/food-testing/salt-titration.html,clarity,0,0,0.000000,1.00,1
https://chenguangwu.github.io/tools/food/soup-ratio-optimizer.html,clarity,0,0,0.000000,1.00,1
https://chenguangwu.github.io/tools/forensic-medicine/bloodstain-pattern.html,clarity,0,0,0.000000,1.00,1
https://chenguangwu.github.io/tools/forensic-medicine/wound-description.html,clarity,0,0,0.000000,1.00,1
https://chenguangwu.github.io/tools/gardening/compost-calculator.html,clarity,0,0,0.000000,1.00,1
https://chenguangwu.github.io/tools/gardening/pot-capacity.html,clarity,0,0,0.000000,1.00,1
https://chenguangwu.github.io/tools/gardening2/index.html,clarity,0,0,0.000000,2.00,1
https://chenguangwu.github.io/tools/gardening2/pest-control.html,clarity,0,0,0.000000,1.00,1
https://chenguangwu.github.io/tools/gas/length-pipeline.html,clarity,0,0,0.000000,1.00,1
https://chenguangwu.github.io/tools/general/detector-131.html,clarity,0,0,0.000000,1.00,1
https://chenguangwu.github.io/tools/general/detector-water-pressure-1.html,clarity,0,0,0.000000,1.00,1
https://chenguangwu.github.io/tools/general/fabric-1.html,clarity,0,0,0.000000,1.00,1
https://chenguangwu.github.io/tools/general/index.html,clarity,0,0,0.000000,2.00,1
https://chenguangwu.github.io/tools/general/power-7.html,clarity,0,0,0.000000,1.00,1
https://chenguangwu.github.io/tools/general/pressure-weld.html,clarity,0,0,0.000000,1.00,1
https://chenguangwu.github.io/tools/general/temp-pressure-3.html,clarity,0,0,0.000000,1.00,1
https://chenguangwu.github.io/tools/general/torque-3.html,clarity,0,0,0.000000,1.00,1
https://chenguangwu.github.io/tools/general/wear-4.html,clarity,0,0,0.000000,1.00,1
https://chenguangwu.github.io/tools/general/zhilengshebeixuanxing.html,clarity,0,0,0.000000,1.00,1
https://chenguangwu.github.io/tools/geology/index.html,clarity,0,0,0.000000,1.00,1
https://chenguangwu.github.io/tools/geometry/index.html,clarity,0,0,0.000000,1.00,1
https://chenguangwu.github.io/tools/health/blood-sugar-converter.html,clarity,0,0,0.000000,1.00,1
https://chenguangwu.github.io/tools/health/bmi-calculator.html,clarity,0,0,0.000000,1.00,1
https://chenguangwu.github.io/tools/health/bmr-calculator.html,clarity,0,0,0.000000,1.00,1
https://chenguangwu.github.io/tools/health/ibw-calculator.html,clarity,0,0,0.000000,1.00,1
https://chenguangwu.github.io/tools/health/ideal-weight.html,clarity,0,0,0.000000,1.00,1
https://chenguangwu.github.io/tools/health/index.html,clarity,0,0,0.000000,6.00,1
https://chenguangwu.github.io/tools/health/waist-hip-ratio.html,clarity,0,0,0.000000,1.00,1
https://chenguangwu.github.io/tools/healthcare/bmi-2.html,clarity,0,0,0.000000,1.00,1
https://chenguangwu.github.io/tools/healthcare/index.html,clarity,0,0,0.000000,2.00,1
https://chenguangwu.github.io/tools/hematology/index.html,clarity,0,0,0.000000,1.00,1
https://chenguangwu.github.io/tools/hr/performance-ranking.html,clarity,0,0,0.000000,2.00,1
https://chenguangwu.github.io/tools/hvac/duct-calculator.html,clarity,0,0,0.000000,1.00,1
https://chenguangwu.github.io/tools/hydraulic/calc-speed-itinerary.html,clarity,0,0,0.000000,1.00,1
https://chenguangwu.github.io/tools/hydraulic/dam-stability.html,clarity,0,0,0.000000,1.00,1
https://chenguangwu.github.io/tools/insurance/index.html,clarity,0,0,0.000000,1.00,1
https://chenguangwu.github.io/tools/it/base64.html,clarity,0,0,0.000000,1.00,1
https://chenguangwu.github.io/tools/it/json,clarity,0,0,0.000000,1.00,1
https://chenguangwu.github.io/tools/it/json-formatter.html?lang=en,clarity,0,0,0.000000,1.00,1
https://chenguangwu.github.io/tools/it/json-formatter.html?lang=en-US,clarity,0,0,0.000000,1.00,1
https://chenguangwu.github.io/tools/it/jwt.html,clarity,0,0,0.000000,1.00,1
https://chenguangwu.github.io/tools/it/less-compiler.html,clarity,0,0,0.000000,1.00,1
https://chenguangwu.github.io/tools/it/markdown-to-html.html,clarity,0,0,0.000000,1.00,1
https://chenguangwu.github.io/tools/it/pomodoro.html,clarity,0,0,0.000000,1.00,1
https://chenguangwu.github.io/tools/it/rich-text-editor.html,clarity,0,0,0.000000,1.00,1
https://chenguangwu.github.io/tools/it/robots-txt-generator.html,clarity,0,0,0.000000,1.00,1
https://chenguangwu.github.io/tools/it/safelink-decoder.html,clarity,0,0,0.000000,1.00,1
https://chenguangwu.github.io/tools/it/svg-placeholder-generator.html,clarity,0,0,0.000000,1.00,1
https://chenguangwu.github.io/tools/it/time-format-converter.html,clarity,0,0,0.000000,1.00,1
https://chenguangwu.github.io/tools/it/uuid.html,clarity,0,0,0.000000,3.00,1
https://chenguangwu.github.io/tools/it/vector-cross-product.html,clarity,0,0,0.000000,1.00,1
https://chenguangwu.github.io/tools/it/vigenere-visualizer.html,clarity,0,0,0.000000,1.00,1
https://chenguangwu.github.io/tools/jewelry/index.html,clarity,0,0,0.000000,2.00,1
https://chenguangwu.github.io/tools/json-formatter,clarity,0,0,0.000000,1.00,1
https://chenguangwu.github.io/tools/kinematics/index.html,clarity,0,0,0.000000,1.00,1
https://chenguangwu.github.io/tools/life/converter.html,clarity,0,0,0.000000,140.50,1
https://chenguangwu.github.io/tools/life/timestamp.html,clarity,0,0,0.000000,1.00,1
https://chenguangwu.github.io/tools/livestock/inbreeding-coefficient.html,clarity,0,0,0.000000,1.00,1
https://chenguangwu.github.io/tools/machinery/calc-strength.html,clarity,0,0,0.000000,1.00,1
https://chenguangwu.github.io/tools/materials/hooke-strain.html,clarity,0,0,0.000000,1.00,1
https://chenguangwu.github.io/tools/materials/volumetric-strain.html,clarity,0,0,0.000000,1.00,1
https://chenguangwu.github.io/tools/mechanical/bolt-torque.html,clarity,0,0,0.000000,1.00,1
https://chenguangwu.github.io/tools/medical/index.html,clarity,0,0,0.000000,2.00,1
https://chenguangwu.github.io/tools/medical2/medical-abbrev.html,clarity,0,0,0.000000,1.00,1
https://chenguangwu.github.io/tools/metalwork/calc-gear-2.html,clarity,0,0,0.000000,2.00,1
https://chenguangwu.github.io/tools/metrology/index.html,clarity,0,0,0.000000,1.00,1
https://chenguangwu.github.io/tools/mining/reserve-estimate.html,clarity,0,0,0.000000,1.00,1
https://chenguangwu.github.io/tools/nephrology/edema-grading.html,clarity,0,0,0.000000,2.00,1
https://chenguangwu.github.io/tools/nephrology/index.html,clarity,0,0,0.000000,2.00,1
https://chenguangwu.github.io/tools/neurology/ilae-seizure.html,clarity,0,0,0.000000,1.00,1
https://chenguangwu.github.io/tools/nutrition/calorie-deficit.html,clarity,0,0,0.000000,1.00,1
https://chenguangwu.github.io/tools/nutrition/compare-10.html,clarity,0,0,0.000000,1.00,1
https://chenguangwu.github.io/tools/ophthalmology/index.html,clarity,0,0,0.000000,1.00,1
https://chenguangwu.github.io/tools/ophthalmology/visual-acuity-converter.html,clarity,0,0,0.000000,1.00,1
https://chenguangwu.github.io/tools/pediatrics/chd-assessment.html,clarity,0,0,0.000000,1.00,1
https://chenguangwu.github.io/tools/photo/depth-of-field.html,clarity,0,0,0.000000,1.00,1
https://chenguangwu.github.io/tools/photo/ev.html,clarity,0,0,0.000000,1.00,1
https://chenguangwu.github.io/tools/psychiatry/index.html,clarity,0,0,0.000000,2.00,1
https://chenguangwu.github.io/tools/psychiatry/isi-insomnia.html,clarity,0,0,0.000000,1.00,1
https://chenguangwu.github.io/tools/psychology/tester-3.html,clarity,0,0,0.000000,1.00,1
https://chenguangwu.github.io/tools/pulmonology/index.html,clarity,0,0,0.000000,1.00,1
https://chenguangwu.github.io/tools/realestate/index.html,clarity,0,0,0.000000,2.00,1
https://chenguangwu.github.io/tools/reproductive-medicine/anti-sperm-antibody.html,clarity,0,0,0.000000,2.00,1
https://chenguangwu.github.io/tools/reproductive-medicine/assessor-15.html,clarity,0,0,0.000000,2.00,1
https://chenguangwu.github.io/tools/reproductive-medicine/baifenbijisuanqi.html,clarity,0,0,0.000000,2.00,1
https://chenguangwu.github.io/tools/reproductive-medicine/calc-volume-concentration.html,clarity,0,0,0.000000,2.00,1
https://chenguangwu.github.io/tools/reproductive-medicine/detector-9.html,clarity,0,0,0.000000,2.00,1
https://chenguangwu.github.io/tools/reproductive-medicine/embryo-grading.html,clarity,0,0,0.000000,2.00,1
https://chenguangwu.github.io/tools/reproductive-medicine/endometrial-receptivity.html,clarity,0,0,0.000000,2.00,1
https://chenguangwu.github.io/tools/reproductive-medicine/icsi-success.html,clarity,0,0,0.000000,2.00,1
https://chenguangwu.github.io/tools/reproductive-medicine/index.html,clarity,0,0,0.000000,45.00,1
https://chenguangwu.github.io/tools/reproductive-medicine/ivf-statistics.html,clarity,0,0,0.000000,2.00,1
https://chenguangwu.github.io/tools/reproductive-medicine/jingzidnasuipian-dfi-zhishu.html,clarity,0,0,0.000000,4.00,1
https://chenguangwu.github.io/tools/reproductive-medicine/pgt-indication.html,clarity,0,0,0.000000,2.00,1
https://chenguangwu.github.io/tools/reproductive-medicine/progressive-motility.html,clarity,0,0,0.000000,4.00,1
https://chenguangwu.github.io/tools/reproductive-medicine/rater-30.html,clarity,0,0,0.000000,1.00,1
https://chenguangwu.github.io/tools/reproductive-medicine/rater-31.html,clarity,0,0,0.000000,1.00,1
https://chenguangwu.github.io/tools/reproductive-medicine/reproductive-hormones.html,clarity,0,0,0.000000,1.00,1
https://chenguangwu.github.io/tools/reproductive-medicine/semen-volume.html,clarity,0,0,0.000000,2.00,1
https://chenguangwu.github.io/tools/reproductive-medicine/sperm-concentration.html,clarity,0,0,0.000000,1.00,1
https://chenguangwu.github.io/tools/reproductive-medicine/sperm-dfi.html,clarity,0,0,0.000000,1.00,1
https://chenguangwu.github.io/tools/reproductive-medicine/stats-6.html,clarity,0,0,0.000000,2.00,1
https://chenguangwu.github.io/tools/reproductive-medicine/testicular-biopsy.html,clarity,0,0,0.000000,2.00,1
https://chenguangwu.github.io/tools/reproductive-medicine/total-sperm-count.html,clarity,0,0,0.000000,1.00,1
https://chenguangwu.github.io/tools/research/index.html,clarity,0,0,0.000000,2.00,1
https://chenguangwu.github.io/tools/rheumatology/detector-8.html,clarity,0,0,0.000000,1.00,1
https://chenguangwu.github.io/tools/rheumatology/gout-uric-acid.html,clarity,0,0,0.000000,1.00,1
https://chenguangwu.github.io/tools/rubber/cure-time.html,clarity,0,0,0.000000,1.00,1
https://chenguangwu.github.io/tools/rubber/hardness-calc.html,clarity,0,0,0.000000,1.00,1
https://chenguangwu.github.io/tools/science/index.html,clarity,0,0,0.000000,1.00,1
https://chenguangwu.github.io/tools/science/pcb-trace-width.html,clarity,0,0,0.000000,1.00,1
https://chenguangwu.github.io/tools/seismology/assessor-30.html,clarity,0,0,0.000000,1.00,1
https://chenguangwu.github.io/tools/sports/jixianwei-kuai-man-leixingtuice.html,clarity,0,0,0.000000,1.00,1
https://chenguangwu.github.io/tools/tcm-chemistry/capsule-filling.html,clarity,0,0,0.000000,1.00,1
https://chenguangwu.github.io/tools/tcm-diagnosis/meridian-differentiation.html,clarity,0,0,0.000000,1.00,1
https://chenguangwu.github.io/tools/tcm-diagnosis/pulse-diagnosis.html,clarity,0,0,0.000000,1.00,1
https://chenguangwu.github.io/tools/textile2/dye-temp.html,clarity,0,0,0.000000,1.00,1
https://chenguangwu.github.io/tools/timber/detector-37.html,clarity,0,0,0.000000,1.00,1
https://chenguangwu.github.io/tools/transport/calc-4.html,clarity,0,0,0.000000,1.00,1
https://chenguangwu.github.io/tools/travel/index.html,clarity,0,0,0.000000,1.00,1
https://chenguangwu.github.io/tools/travel/timezone-converter-advanced.html,clarity,0,0,0.000000,1.00,1
https://chenguangwu.github.io/tools/tunnel/lining-thickness.html,clarity,0,0,0.000000,1.00,1
https://chenguangwu.github.io/tools/urology/calc-1.html,clarity,0,0,0.000000,2.00,1
https://chenguangwu.github.io/tools/urology/calc-volume.html,clarity,0,0,0.000000,2.00,1
https://chenguangwu.github.io/tools/urology/iief5-score.html,clarity,0,0,0.000000,4.00,1
https://chenguangwu.github.io/tools/urology/index.html,clarity,0,0,0.000000,34.00,1
https://chenguangwu.github.io/tools/urology/ipss-score.html,clarity,0,0,0.000000,2.00,1
https://chenguangwu.github.io/tools/urology/penile-rigidity.html,clarity,0,0,0.000000,2.00,1
https://chenguangwu.github.io/tools/urology/prostate-volume.html,clarity,0,0,0.000000,1.00,1
https://chenguangwu.github.io/tools/urology/psa-density.html,clarity,0,0,0.000000,2.00,1
https://chenguangwu.github.io/tools/urology/rater-3.html,clarity,0,0,0.000000,2.00,1
https://chenguangwu.github.io/tools/urology/rater-4.html,clarity,0,0,0.000000,4.00,1
https://chenguangwu.github.io/tools/urology/residual-urine.html,clarity,0,0,0.000000,2.00,1
https://chenguangwu.github.io/tools/urology/stone-composition.html,clarity,0,0,0.000000,2.00,1
https://chenguangwu.github.io/tools/urology/stone-size-assessment.html,clarity,0,0,0.000000,2.00,1
https://chenguangwu.github.io/tools/urology/turp-parameters.html,clarity,0,0,0.000000,2.00,1
https://chenguangwu.github.io/tools/urology/urethral-stricture.html,clarity,0,0,0.000000,2.00,1
https://chenguangwu.github.io/tools/wedding/countdown-timeline.html,clarity,0,0,0.000000,1.00,1
https://chenguangwu.github.io/tools/welding/detector-25.html,clarity,0,0,0.000000,1.00,1
https://chenguangwu.github.io/tools/welding/flow-ratio.html,clarity,0,0,0.000000,1.00,1
