query,page,impressions,clicks,ctr,position
site:https://chenguangwu.github.io,,4,1,0.25,1
site:chenguangwu.github.io,,2,0,0.0,1
site:https://chenguangwu.github.io,,4,0,0.0,1
chenguangwu.github.io,,1,0,0.0,3
chenguangwu/chenguangwu.github.io/tools/cleaning/index.html,,1,0,0.0,2
site:chenguangwu.github.io,,1,0,0.0,1
site:https://chenguangwu.github.io 二维码生成器,,1,0,0.0,1
婴儿生长曲线绘制在线,,4,4,1.0,13
书本阅读追踪,,1,1,1.0,5
在线si单位查询,,1,1,1.0,6
阶乘计算器,,11,0,0.0,8
邀请码生成器,,6,0,0.0,8
数学常用公式速查清单,,4,0,0.0,5
图片转ascii字符画 github,,3,0,0.0,5
样本量计算器,,2,0,0.0,7
iccid在线验证器,,2,0,0.0,5
字幕偏移工具,,2,0,0.0,8
pharmacode在线,,2,0,0.0,9
中位数计算器,,2,0,0.0,3
sql语法速查,,1,0,0.0,10
在线矩阵计算,,1,0,0.0,8
波利比乌斯方阵解码,,1,0,0.0,10
字幕时间轴调整在线,,1,0,0.0,9
几何计算器 github,,1,0,0.0,4
在线密码#N##N#临时密码#N##N#特殊密码#N##N#卡片#N##N#指纹#N##N#请输入密码#N##N#序号#N##N#密码id#N##N#密码#N##N#有效期#N##N#重复时段#N##N#状态#N##N#类型#N##N#限制#N##N#备注#N##N#添加时间#N##N#操作#N##N#1#N##N#22#N##N#11111112#N##N#批量密码#N##N#2026-08-08 09:35:01 ~ 2026-09-08 09:35:01#N##N#-#N##N#已生效#N##N#限时,,1,0,0.0,10
在线盲文翻译器,,2,4,2.0,3
iccid验证器,,1,2,2.0,4
不同iso噪点对比,,2,1,0.5,2
在线血型计算可输血和只能接受供血,,2,1,0.5,3
生成体育运动计划表,,2,1,0.5,1
在线输血血型计算,,1,1,1.0,7
首都英文测验,,1,1,1.0,2
纸张basis weight公制对应,,1,1,1.0,5
风管阻力计算器,,1,1,1.0,6
爆破振动安全允许距离计算公式,,1,1,1.0,5
幸运色幸运数字软件,,1,1,1.0,4
碑文模板软件,,1,1,1.0,3
邀请码生成器,,1,1,1.0,2
在线盲文翻译数字点位器,,1,1,1.0,4
在线儿童儿生长曲线绘制,,1,1,1.0,3
site:https://chenguangwu.github.io,,20,0,0.0,6
身份证号随机生成规则,,9,0,0.0,8
随机身份证,,7,0,0.0,8
样本量计算器,,7,0,0.0,10
彩票中奖概率计算器 - 组合数学,,4,0,0.0,2
彩票概率首先是正确计算组合数。计算器能帮助理解概率规模，但不能保证中奖,,4,0,0.0,6
自助生成身份证号码,,3,0,0.0,8
风水罗盘在线,,3,0,0.0,10
随机身份证号码规则,,3,0,0.0,6
最小可捕肛长怎么计算,,3,0,0.0,2
心肌桥怎么分级,,2,0,0.0,4
睾丸体积计算公式,,2,0,0.0,6
nato 字母表,,2,0,0.0,6
拍的照片如何估算覆盖度软件,,2,0,0.0,10
身份证随机生成规则,,2,0,0.0,9
thi 热应激指数 计算,,2,0,0.0,7
智能中奖概率计算器 - 组合数学,,2,0,0.0,5
nato音标字母,,1,0,0.0,5
阶乘计算器,,1,0,0.0,9
随机身份证生成,,1,0,0.0,9
水产 养殖 饲料 用量 计算 表 免费 下载,,1,0,0.0,6
随机身份证号,,1,0,0.0,9
最小可捕肛长,,1,0,0.0,8
物理符号计算器,,1,0,0.0,10
视频倍速计算,,1,0,0.0,2
物理公式计算在线,,1,0,0.0,3
线上获客成本 cpa 200-500元 2025 2026,,1,0,0.0,5
视频总时长计算,,1,0,0.0,4
csv曲线分析在线,,1,0,0.0,10
iccid在线验证器,,1,0,0.0,4
系统随机身份证,,1,0,0.0,7
uacr计算,,1,0,0.0,10
html 邀请码生成器,,1,0,0.0,1
图片转ascii字符画,,1,0,0.0,10
蜗杆效率计算在线,,1,0,0.0,5
代码文本大字生成器,,1,0,0.0,3
戈瑞转希沃特换算器（吸收剂量转当量剂量）,,1,0,0.0,6
吾食咸冇咩可以代替,,1,0,0.0,1
每日名言免费获取,,1,0,0.0,7
奶牛 thi 热应激指数 计算,,1,0,0.0,4
期权盈亏平衡图,,2,3,1.5,5
伯努利方程推水位,,2,2,1.0,5
edi 计算器 - edi,,2,2,1.0,1
grace评分工具,,2,2,1.0,4
site:https://chenguangwu.github.io,,40,1,0.025,6
邀请码生成器,,4,1,0.25,2
菌落总数随机生成,,2,1,0.5,2
农药配比计算器,,2,1,0.5,2
50irhd等于多少邵氏硬度,,2,1,0.5,3
hill在线解码,,2,1,0.5,5
睾丸体积计算公式,,1,1,1.0,8
计算日照间距时的建筑的计算高度,,1,1,1.0,2
饮料杀菌f值计算在线,,1,1,1.0,1
灌溉定额计算ruanjian,,1,1,1.0,3
lmp蠕变寿命计算,,1,1,1.0,6
风管局部阻力系数查询,,1,1,1.0,9
杀菌f值计算在线,,1,1,1.0,1
马基公式p = 5.87 · ect · t^0.508 · z^0.492,,1,1,1.0,6
视频加速计算器,,1,1,1.0,7
棉染色多少温度,,1,1,1.0,9
稀释有毒有害气体隧道通风计算,,1,1,1.0,6
mckee公式，瓦楞纸箱最大抗压强度,,1,1,1.0,10
彩票排列组合概率计算软件,,1,1,1.0,4
销售提成计算器,,1,1,1.0,8
身份证号随机生成规则,,9,0,0.0,8
冠层覆盖率,,5,0,0.0,7
iccid在线验证器,,3,0,0.0,2
强密码检测器,,3,0,0.0,10
俄罗斯100ω雷管起爆电流,,3,0,0.0,1
肾功能计算器,,3,0,0.0,3
月球南极昼极夜星历,,2,0,0.0,2
日常柔韧拉伸的推荐锻炼频率,,2,0,0.0,6
真空中磁感应强度与磁场强度换算,,2,0,0.0,4
随机一个身份证,,2,0,0.0,6
uuid在线生成,,2,0,0.0,6
随机身份证,,1,0,0.0,10
最小可捕肛长怎么计算,,1,0,0.0,2
随机身份证号,,1,0,0.0,10
uuid生成器,,1,0,0.0,5
焦油量尼古丁,,1,0,0.0,2
uacr计算器,,1,0,0.0,4
kt/v计算器,,1,0,0.0,8
csv分析,,1,0,0.0,10
农药稀释计算器,,1,0,0.0,4
串联起爆网路设计,,1,0,0.0,2
布林带 标准差公式,,1,0,0.0,8
胰岛素基础率计算器,,1,0,0.0,3
温度湿度指数猪thi,,1,0,0.0,6
元素周期表分子量,,1,0,0.0,9
泳池游泳的划水效率是怎么计算的,,1,0,0.0,3
笔画计数,,1,0,0.0,7
50克染膏5比1调配,,1,0,0.0,4
上车印张数,,1,0,0.0,1
35 dbz回波面积,,1,0,0.0,9
残虎双剑农药配比,,1,0,0.0,1
lottery+calculator->>(🄺🄴🅁🄰🄻🄰3.🄲🄾🄼)<<-ludo+army+apk+download+&+get+₹10->>(kerala3.com)<<-fstu.html,,1,0,0.0,5
施肥配比计算,,1,0,0.0,6
北京仲裁委仲裁费计算器,,1,0,0.0,10
lottery+calculator->>🅺🅴🆁🅰🅻🅰3.🅲🅾🅼<<-world's+biggest+free+online+lottery+in+india->>(kerala3.com)<<-4oup.html,,1,0,0.0,7
在线uuid生成器,,1,0,0.0,5
视频加速后的时长怎么算,,1,0,0.0,3
浴比,,1,0,0.0,6
随机身份证号生成器,,1,0,0.0,7
后坐力计算公式,,1,0,0.0,8
番茄种植密度计算公式,,1,0,0.0,9
最大尿流率26不正常嘛,,1,0,0.0,5
劳动仲裁计算器,,1,0,0.0,9
sara评分等级,,1,0,0.0,7
水刀切个大理石水压如何设定,,1,0,0.0,7
睾丸体积测量,,1,0,0.0,9
c#速查,,1,0,0.0,4
自定义验证码生成器,,1,0,0.0,4
纯度k怎么换算,,1,0,0.0,3
ftnd是什么缩写？为什么在戒烟里面,,1,0,0.0,8
平板计数法（gb 4789.2）,,1,0,0.0,7
bic计算器,,1,0,0.0,1
,https://chenguangwu.github.io/,6,1,0.16666666666666666,1
,https://chenguangwu.github.io/,8,0,0.0,1
,https://chenguangwu.github.io/tools/parenting/growth-chart.html,4,4,1.0,13
,https://chenguangwu.github.io/tools/literature/reading-tracker.html,1,1,1.0,5
,https://chenguangwu.github.io/tools/science/si-unit-converter.html,1,1,1.0,6
,https://chenguangwu.github.io/tools/science/factorial-calculator.html,11,0,0.0,8
,https://chenguangwu.github.io/tools/science/sample-size-calculator.html,7,0,0.0,7
,https://chenguangwu.github.io/tools/it/invite-code-generator.html,6,0,0.0,8
,https://chenguangwu.github.io/tools/math/formula-calculator.html,4,0,0.0,5
,https://chenguangwu.github.io/tools/science/median-calculator.html,3,0,0.0,4
,https://chenguangwu.github.io/tools/video/subtitle-tool.html,3,0,0.0,8
,https://chenguangwu.github.io/tools/finance/iccid-validator.html,2,0,0.0,5
,https://chenguangwu.github.io/tools/science/barcode-pharmacode.html,2,0,0.0,9
,https://chenguangwu.github.io/tools/it/polybius-cipher.html,1,0,0.0,10
,https://chenguangwu.github.io/tools/it/sql-cheatsheet.html,1,0,0.0,10
,https://chenguangwu.github.io/tools/design/image-to-ascii.html,1,0,0.0,6
,https://chenguangwu.github.io/tools/it/password-generator.html,1,0,0.0,10
,https://chenguangwu.github.io/tools/math/geometry-calculator.html,1,0,0.0,4
,https://chenguangwu.github.io/tools/accessibility/braille-translator.html,3,5,1.6666666666666667,3
,https://chenguangwu.github.io/tools/parenting/growth-chart.html,4,2,0.5,4
,https://chenguangwu.github.io/tools/health/blood-type-calculator.html,3,2,0.6666666666666666,4
,https://chenguangwu.github.io/tools/finance/iccid-validator.html,2,2,1.0,4
,https://chenguangwu.github.io/tools/it/invite-code-generator.html,2,1,0.5,2
,https://chenguangwu.github.io/tools/sports/sports-schedule.html,2,1,0.5,1
,https://chenguangwu.github.io/tools/fun/lucky.html,2,1,0.5,5
,https://chenguangwu.github.io/tools/design/iso-noise-reference.html,2,1,0.5,2
,https://chenguangwu.github.io/tools/hvac/duct-calculator.html,1,1,1.0,6
,https://chenguangwu.github.io/tools/blasting/blasting-safety-distance.html,1,1,1.0,5
,https://chenguangwu.github.io/tools/funeral/grave-design.html,1,1,1.0,3
,https://chenguangwu.github.io/tools/edu/capital-quiz.html,1,1,1.0,2
,https://chenguangwu.github.io/tools/paper/basis-weight.html,1,1,1.0,5
,https://chenguangwu.github.io/tools/it/id-card-generator.html,104,0,0.0,8
,https://chenguangwu.github.io/tools/video/video-speed.html,25,0,0.0,7
,https://chenguangwu.github.io/tools/finance/lottery-odds-calculator.html,14,0,0.0,5
,https://chenguangwu.github.io/tools/science/sample-size-calculator.html,10,0,0.0,9
,https://chenguangwu.github.io/tools/legal/arbitration-fee.html,6,0,0.0,6
,https://chenguangwu.github.io/tools/fishery/mesh-size-guide.html,4,0,0.0,4
,https://chenguangwu.github.io/tools/reproductive-medicine/testicular-volume.html,3,0,0.0,7
,https://chenguangwu.github.io/tools/livestock/heat-stress-index.html,3,0,0.0,6
,https://chenguangwu.github.io/tools/life/radiation-converter.html,3,0,0.0,9
,https://chenguangwu.github.io/tools/fengshui/fengshui-calculator.html,3,0,0.0,10
,https://chenguangwu.github.io/tools/agriculture/canopy-coverage.html,2,0,0.0,10
,https://chenguangwu.github.io/tools/science/physics-calculator.html,2,0,0.0,6
,https://chenguangwu.github.io/tools/nephrology/uacr.html,2,0,0.0,10
,https://chenguangwu.github.io/tools/cardiology/myocardial-bridge.html,2,0,0.0,4
,https://chenguangwu.github.io/tools/marketing/marketing-ltv-calculator.html,2,0,0.0,9
,https://chenguangwu.github.io/tools/science/nato-phonetic.html,2,0,0.0,6
,https://chenguangwu.github.io/tools/data/csv-analyzer.html,1,0,0.0,10
,https://chenguangwu.github.io/tools/science/factorial-calculator.html,1,0,0.0,9
,https://chenguangwu.github.io/tools/design/image-to-ascii.html,1,0,0.0,10
,https://chenguangwu.github.io/tools/machinery/drive-2.html,1,0,0.0,5
,https://chenguangwu.github.io/tools/food/calorie-calculator.html,1,0,0.0,4
,https://chenguangwu.github.io/tools/chinese-cook/ingredient-substitute.html,1,0,0.0,1
,https://chenguangwu.github.io/tools/it/ascii-art.html,1,0,0.0,3
,https://chenguangwu.github.io/tools/it/playfair-cipher.html,1,0,0.0,6
,https://chenguangwu.github.io/tools/fishery/feed-rate-calculator.html,1,0,0.0,6
,https://chenguangwu.github.io/tools/fun/daily-quote.html,1,0,0.0,7
